split,image,class_id,class_name,probability,target_mode,heatmap_threshold,overlay_file,mask_file,roi_mask_file,bbox_file,component_count,largest_component_bbox_xywh,component_bboxes_xywh,component_bboxes_yolo
train,CXR015_001.jpg,0,infiltrat,0.894214,predicted,0.5000,overlays/0000_train_cxr015_001_infiltrat_heatmap.jpg,masks/0000_train_cxr015_001_infiltrat_mask.png,lung segmentation/output_masks/train/CXR015_001.jpg,bboxes/0000_train_cxr015_001_infiltrat_bbox.jpg,1,"35,43,67,95","35,43,67,95",0 0.305804 0.404018 0.299107 0.424107
train,CXR018_001.jpg,0,infiltrat,0.778308,predicted,0.5000,overlays/0001_train_cxr018_001_infiltrat_heatmap.jpg,masks/0001_train_cxr018_001_infiltrat_mask.png,lung segmentation/output_masks/train/CXR018_001.jpg,bboxes/0001_train_cxr018_001_infiltrat_bbox.jpg,2,"42,54,49,76","42,54,49,76|88,98,10,18",0 0.296875 0.410714 0.218750 0.339286|0 0.415179 0.477679 0.044643 0.080357
train,CXR018_002.jpg,0,infiltrat,0.626057,predicted,0.5000,overlays/0002_train_cxr018_002_infiltrat_heatmap.jpg,masks/0002_train_cxr018_002_infiltrat_mask.png,lung segmentation/output_masks/train/CXR018_002.jpg,bboxes/0002_train_cxr018_002_infiltrat_bbox.jpg,1,"35,45,57,78","35,45,57,78",0 0.283482 0.375000 0.254464 0.348214
train,CXR018_003.jpg,0,infiltrat,0.523680,predicted,0.5000,overlays/0003_train_cxr018_003_infiltrat_heatmap.jpg,masks/0003_train_cxr018_003_infiltrat_mask.png,lung segmentation/output_masks/train/CXR018_003.jpg,bboxes/0003_train_cxr018_003_infiltrat_bbox.jpg,1,"31,61,34,69","31,61,34,69",0 0.214286 0.426339 0.151786 0.308036
train,CXR019_001.jpg,0,infiltrat,0.723241,predicted,0.5000,overlays/0004_train_cxr019_001_infiltrat_heatmap.jpg,masks/0004_train_cxr019_001_infiltrat_mask.png,lung segmentation/output_masks/train/CXR019_001.jpg,bboxes/0004_train_cxr019_001_infiltrat_bbox.jpg,1,"38,25,74,98","38,25,74,98",0 0.334821 0.330357 0.330357 0.437500
train,CXR019_002.jpg,0,infiltrat,0.566283,predicted,0.5000,overlays/0005_train_cxr019_002_infiltrat_heatmap.jpg,masks/0005_train_cxr019_002_infiltrat_mask.png,lung segmentation/output_masks/train/CXR019_002.jpg,bboxes/0005_train_cxr019_002_infiltrat_bbox.jpg,1,"21,34,70,82","21,34,70,82",0 0.250000 0.334821 0.312500 0.366071
train,CXR019_003.jpg,0,infiltrat,0.562083,predicted,0.5000,overlays/0006_train_cxr019_003_infiltrat_heatmap.jpg,masks/0006_train_cxr019_003_infiltrat_mask.png,lung segmentation/output_masks/train/CXR019_003.jpg,bboxes/0006_train_cxr019_003_infiltrat_bbox.jpg,1,"33,18,69,84","33,18,69,84",0 0.301339 0.267857 0.308036 0.375000
train,CXR019_003.jpg,2,efusi pleura,0.543828,predicted,0.5000,overlays/0006_train_cxr019_003_efusi_pleura_heatmap.jpg,masks/0006_train_cxr019_003_efusi_pleura_mask.png,lung segmentation/output_masks/train/CXR019_003.jpg,bboxes/0006_train_cxr019_003_efusi_pleura_bbox.jpg,1,"18,114,63,51","18,114,63,51",2 0.220982 0.622768 0.281250 0.227679
train,CXR052_001.jpg,0,infiltrat,0.561069,predicted,0.5000,overlays/0007_train_cxr052_001_infiltrat_heatmap.jpg,masks/0007_train_cxr052_001_infiltrat_mask.png,lung segmentation/output_masks/train/CXR052_001.jpg,bboxes/0007_train_cxr052_001_infiltrat_bbox.jpg,1,"40,96,52,36","40,96,52,36",0 0.294643 0.508929 0.232143 0.160714
train,CXR052_001.jpg,1,pneumothorax,0.512545,predicted,0.5000,overlays/0007_train_cxr052_001_pneumothorax_heatmap.jpg,masks/0007_train_cxr052_001_pneumothorax_mask.png,lung segmentation/output_masks/train/CXR052_001.jpg,bboxes/0007_train_cxr052_001_pneumothorax_bbox.jpg,1,"41,51,57,85","41,51,57,85",1 0.310268 0.417411 0.254464 0.379464
train,CXR003_002.jpg,0,infiltrat,0.678064,predicted,0.5000,overlays/0008_train_cxr003_002_infiltrat_heatmap.jpg,masks/0008_train_cxr003_002_infiltrat_mask.png,lung segmentation/output_masks/train/CXR003_002.jpg,bboxes/0008_train_cxr003_002_infiltrat_bbox.jpg,1,"144,38,45,95","144,38,45,95",0 0.743304 0.381696 0.200893 0.424107
train,CXR003_003.jpg,0,infiltrat,0.635210,predicted,0.5000,overlays/0009_train_cxr003_003_infiltrat_heatmap.jpg,masks/0009_train_cxr003_003_infiltrat_mask.png,lung segmentation/output_masks/train/CXR003_003.jpg,bboxes/0009_train_cxr003_003_infiltrat_bbox.jpg,1,"151,63,45,77","151,63,45,77",0 0.774554 0.453125 0.200893 0.343750
train,CXR005_002.jpg,1,pneumothorax,0.600632,predicted,0.5000,overlays/0010_train_cxr005_002_pneumothorax_heatmap.jpg,masks/0010_train_cxr005_002_pneumothorax_mask.png,lung segmentation/output_masks/train/CXR005_002.jpg,bboxes/0010_train_cxr005_002_pneumothorax_bbox.jpg,1,"37,47,72,76","37,47,72,76",1 0.325893 0.379464 0.321429 0.339286
train,CXR005_002.jpg,2,efusi pleura,0.924682,predicted,0.5000,overlays/0010_train_cxr005_002_efusi_pleura_heatmap.jpg,masks/0010_train_cxr005_002_efusi_pleura_mask.png,lung segmentation/output_masks/train/CXR005_002.jpg,bboxes/0010_train_cxr005_002_efusi_pleura_bbox.jpg,1,"35,69,67,54","35,69,67,54",2 0.305804 0.428571 0.299107 0.241071
train,CXR005_002.jpg,3,atelektasis,0.587774,predicted,0.5000,overlays/0010_train_cxr005_002_atelektasis_heatmap.jpg,masks/0010_train_cxr005_002_atelektasis_mask.png,lung segmentation/output_masks/train/CXR005_002.jpg,bboxes/0010_train_cxr005_002_atelektasis_bbox.jpg,1,"37,72,64,51","37,72,64,51",3 0.308036 0.435268 0.285714 0.227679
train,CXR005_003.jpg,0,infiltrat,0.598805,predicted,0.5000,overlays/0011_train_cxr005_003_infiltrat_heatmap.jpg,masks/0011_train_cxr005_003_infiltrat_mask.png,lung segmentation/output_masks/train/CXR005_003.jpg,bboxes/0011_train_cxr005_003_infiltrat_bbox.jpg,1,"38,81,58,52","38,81,58,52",0 0.299107 0.477679 0.258929 0.232143
train,CXR005_003.jpg,1,pneumothorax,0.610161,predicted,0.5000,overlays/0011_train_cxr005_003_pneumothorax_heatmap.jpg,masks/0011_train_cxr005_003_pneumothorax_mask.png,lung segmentation/output_masks/train/CXR005_003.jpg,bboxes/0011_train_cxr005_003_pneumothorax_bbox.jpg,1,"38,59,71,74","38,59,71,74",1 0.328125 0.428571 0.316964 0.330357
train,CXR005_003.jpg,2,efusi pleura,0.946341,predicted,0.5000,overlays/0011_train_cxr005_003_efusi_pleura_heatmap.jpg,masks/0011_train_cxr005_003_efusi_pleura_mask.png,lung segmentation/output_masks/train/CXR005_003.jpg,bboxes/0011_train_cxr005_003_efusi_pleura_bbox.jpg,1,"38,80,67,53","38,80,67,53",2 0.319196 0.475446 0.299107 0.236607
train,CXR005_003.jpg,3,atelektasis,0.668674,predicted,0.5000,overlays/0011_train_cxr005_003_atelektasis_heatmap.jpg,masks/0011_train_cxr005_003_atelektasis_mask.png,lung segmentation/output_masks/train/CXR005_003.jpg,bboxes/0011_train_cxr005_003_atelektasis_bbox.jpg,1,"38,71,64,62","38,71,64,62",3 0.312500 0.455357 0.285714 0.276786
train,CXR009_001.jpg,2,efusi pleura,0.885428,predicted,0.5000,overlays/0012_train_cxr009_001_efusi_pleura_heatmap.jpg,masks/0012_train_cxr009_001_efusi_pleura_mask.png,lung segmentation/output_masks/train/CXR009_001.jpg,bboxes/0012_train_cxr009_001_efusi_pleura_bbox.jpg,1,"35,60,74,45","35,60,74,45",2 0.321429 0.368304 0.330357 0.200893
train,CXR009_002.jpg,1,pneumothorax,0.723049,predicted,0.5000,overlays/0013_train_cxr009_002_pneumothorax_heatmap.jpg,masks/0013_train_cxr009_002_pneumothorax_mask.png,lung segmentation/output_masks/train/CXR009_002.jpg,bboxes/0013_train_cxr009_002_pneumothorax_bbox.jpg,2,"144,45,48,109","144,45,48,109|51,97,46,37",1 0.750000 0.444196 0.214286 0.486607|1 0.330357 0.515625 0.205357 0.165179
train,CXR010_001.jpg,0,infiltrat,0.613108,predicted,0.5000,overlays/0014_train_cxr010_001_infiltrat_heatmap.jpg,masks/0014_train_cxr010_001_infiltrat_mask.png,lung segmentation/output_masks/train/CXR010_001.jpg,bboxes/0014_train_cxr010_001_infiltrat_bbox.jpg,1,"160,35,40,59","160,35,40,59",0 0.803571 0.287946 0.178571 0.263393
train,CXR010_001.jpg,1,pneumothorax,0.819612,predicted,0.5000,overlays/0014_train_cxr010_001_pneumothorax_heatmap.jpg,masks/0014_train_cxr010_001_pneumothorax_mask.png,lung segmentation/output_masks/train/CXR010_001.jpg,bboxes/0014_train_cxr010_001_pneumothorax_bbox.jpg,1,"147,51,53,43","147,51,53,43",1 0.774554 0.323661 0.236607 0.191964
train,CXR010_001.jpg,3,atelektasis,0.524628,predicted,0.5000,overlays/0014_train_cxr010_001_atelektasis_heatmap.jpg,masks/0014_train_cxr010_001_atelektasis_mask.png,lung segmentation/output_masks/train/CXR010_001.jpg,bboxes/0014_train_cxr010_001_atelektasis_bbox.jpg,1,"150,37,50,57","150,37,50,57",3 0.781250 0.292411 0.223214 0.254464
train,CXR010_002.jpg,0,infiltrat,0.521086,predicted,0.5000,overlays/0015_train_cxr010_002_infiltrat_heatmap.jpg,masks/0015_train_cxr010_002_infiltrat_mask.png,lung segmentation/output_masks/train/CXR010_002.jpg,bboxes/0015_train_cxr010_002_infiltrat_bbox.jpg,1,"168,66,25,78","168,66,25,78",0 0.805804 0.468750 0.111607 0.348214
train,CXR010_002.jpg,1,pneumothorax,0.887137,predicted,0.5000,overlays/0015_train_cxr010_002_pneumothorax_heatmap.jpg,masks/0015_train_cxr010_002_pneumothorax_mask.png,lung segmentation/output_masks/train/CXR010_002.jpg,bboxes/0015_train_cxr010_002_pneumothorax_bbox.jpg,1,"140,68,53,76","140,68,53,76",1 0.743304 0.473214 0.236607 0.339286
train,CXR010_002.jpg,3,atelektasis,0.591477,predicted,0.5000,overlays/0015_train_cxr010_002_atelektasis_heatmap.jpg,masks/0015_train_cxr010_002_atelektasis_mask.png,lung segmentation/output_masks/train/CXR010_002.jpg,bboxes/0015_train_cxr010_002_atelektasis_bbox.jpg,2,"133,60,58,84","133,60,58,84|92,99,10,38",3 0.723214 0.455357 0.258929 0.375000|3 0.433036 0.526786 0.044643 0.169643
train,CXR010_003.jpg,1,pneumothorax,0.716278,predicted,0.5000,overlays/0016_train_cxr010_003_pneumothorax_heatmap.jpg,masks/0016_train_cxr010_003_pneumothorax_mask.png,lung segmentation/output_masks/train/CXR010_003.jpg,bboxes/0016_train_cxr010_003_pneumothorax_bbox.jpg,1,"150,54,50,79","150,54,50,79",1 0.781250 0.417411 0.223214 0.352679
train,CXR010_003.jpg,3,atelektasis,0.588218,predicted,0.5000,overlays/0016_train_cxr010_003_atelektasis_heatmap.jpg,masks/0016_train_cxr010_003_atelektasis_mask.png,lung segmentation/output_masks/train/CXR010_003.jpg,bboxes/0016_train_cxr010_003_atelektasis_bbox.jpg,1,"148,44,52,82","148,44,52,82",3 0.776786 0.379464 0.232143 0.366071
train,CXR013_001.jpg,0,infiltrat,0.598707,predicted,0.5000,overlays/0017_train_cxr013_001_infiltrat_heatmap.jpg,masks/0017_train_cxr013_001_infiltrat_mask.png,lung segmentation/output_masks/train/CXR013_001.jpg,bboxes/0017_train_cxr013_001_infiltrat_bbox.jpg,1,"28,59,63,91","28,59,63,91",0 0.265625 0.466518 0.281250 0.406250
train,CXR013_002.jpg,0,infiltrat,0.787289,predicted,0.5000,overlays/0018_train_cxr013_002_infiltrat_heatmap.jpg,masks/0018_train_cxr013_002_infiltrat_mask.png,lung segmentation/output_masks/train/CXR013_002.jpg,bboxes/0018_train_cxr013_002_infiltrat_bbox.jpg,1,"31,58,71,90","31,58,71,90",0 0.296875 0.459821 0.316964 0.401786
train,CXR017_002.jpg,0,infiltrat,0.704611,predicted,0.5000,overlays/0019_train_cxr017_002_infiltrat_heatmap.jpg,masks/0019_train_cxr017_002_infiltrat_mask.png,lung segmentation/output_masks/train/CXR017_002.jpg,bboxes/0019_train_cxr017_002_infiltrat_bbox.jpg,1,"18,50,86,97","18,50,86,97",0 0.272321 0.439732 0.383929 0.433036
train,CXR017_002.jpg,2,efusi pleura,0.828765,predicted,0.5000,overlays/0019_train_cxr017_002_efusi_pleura_heatmap.jpg,masks/0019_train_cxr017_002_efusi_pleura_mask.png,lung segmentation/output_masks/train/CXR017_002.jpg,bboxes/0019_train_cxr017_002_efusi_pleura_bbox.jpg,1,"18,95,84,52","18,95,84,52",2 0.267857 0.540179 0.375000 0.232143
train,CXR017_003.jpg,0,infiltrat,0.744586,predicted,0.5000,overlays/0020_train_cxr017_003_infiltrat_heatmap.jpg,masks/0020_train_cxr017_003_infiltrat_mask.png,lung segmentation/output_masks/train/CXR017_003.jpg,bboxes/0020_train_cxr017_003_infiltrat_bbox.jpg,2,"126,25,63,96","126,25,63,96|92,45,13,64",0 0.703125 0.325893 0.281250 0.428571|0 0.439732 0.343750 0.058036 0.285714
train,CXR017_003.jpg,1,pneumothorax,0.516536,predicted,0.5000,overlays/0020_train_cxr017_003_pneumothorax_heatmap.jpg,masks/0020_train_cxr017_003_pneumothorax_mask.png,lung segmentation/output_masks/train/CXR017_003.jpg,bboxes/0020_train_cxr017_003_pneumothorax_bbox.jpg,2,"50,58,55,51","50,58,55,51|151,71,37,55",1 0.345982 0.372768 0.245536 0.227679|1 0.756696 0.439732 0.165179 0.245536
train,CXR017_003.jpg,2,efusi pleura,0.623111,predicted,0.5000,overlays/0020_train_cxr017_003_efusi_pleura_heatmap.jpg,masks/0020_train_cxr017_003_efusi_pleura_mask.png,lung segmentation/output_masks/train/CXR017_003.jpg,bboxes/0020_train_cxr017_003_efusi_pleura_bbox.jpg,1,"42,61,63,51","42,61,63,51",2 0.328125 0.386161 0.281250 0.227679
train,CXR029_001.jpg,2,efusi pleura,0.939424,predicted,0.5000,overlays/0021_train_cxr029_001_efusi_pleura_heatmap.jpg,masks/0021_train_cxr029_001_efusi_pleura_mask.png,lung segmentation/output_masks/train/CXR029_001.jpg,bboxes/0021_train_cxr029_001_efusi_pleura_bbox.jpg,2,"126,41,56,40","126,41,56,40|39,100,42,53",2 0.687500 0.272321 0.250000 0.178571|2 0.267857 0.564732 0.187500 0.236607
train,CXR029_002.jpg,2,efusi pleura,0.918668,predicted,0.5000,overlays/0022_train_cxr029_002_efusi_pleura_heatmap.jpg,masks/0022_train_cxr029_002_efusi_pleura_mask.png,lung segmentation/output_masks/train/CXR029_002.jpg,bboxes/0022_train_cxr029_002_efusi_pleura_bbox.jpg,2,"152,93,58,54","152,93,58,54|51,110,44,34",2 0.808036 0.535714 0.258929 0.241071|2 0.325893 0.566964 0.196429 0.151786
train,CXR029_003.jpg,2,efusi pleura,0.739594,predicted,0.5000,overlays/0023_train_cxr029_003_efusi_pleura_heatmap.jpg,masks/0023_train_cxr029_003_efusi_pleura_mask.png,lung segmentation/output_masks/train/CXR029_003.jpg,bboxes/0023_train_cxr029_003_efusi_pleura_bbox.jpg,2,"31,111,64,50","31,111,64,50|166,126,48,45",2 0.281250 0.607143 0.285714 0.223214|2 0.848214 0.662946 0.214286 0.200893
train,CXR044_001.jpg,0,infiltrat,0.567021,predicted,0.5000,overlays/0024_train_cxr044_001_infiltrat_heatmap.jpg,masks/0024_train_cxr044_001_infiltrat_mask.png,lung segmentation/output_masks/train/CXR044_001.jpg,bboxes/0024_train_cxr044_001_infiltrat_bbox.jpg,1,"38,59,53,60","38,59,53,60",0 0.287946 0.397321 0.236607 0.267857
train,CXR044_001.jpg,1,pneumothorax,0.576518,predicted,0.5000,overlays/0024_train_cxr044_001_pneumothorax_heatmap.jpg,masks/0024_train_cxr044_001_pneumothorax_mask.png,lung segmentation/output_masks/train/CXR044_001.jpg,bboxes/0024_train_cxr044_001_pneumothorax_bbox.jpg,1,"38,42,67,77","38,42,67,77",1 0.319196 0.359375 0.299107 0.343750
train,CXR044_001.jpg,2,efusi pleura,0.799088,predicted,0.5000,overlays/0024_train_cxr044_001_efusi_pleura_heatmap.jpg,masks/0024_train_cxr044_001_efusi_pleura_mask.png,lung segmentation/output_masks/train/CXR044_001.jpg,bboxes/0024_train_cxr044_001_efusi_pleura_bbox.jpg,1,"38,76,60,43","38,76,60,43",2 0.303571 0.435268 0.267857 0.191964
train,CXR044_001.jpg,3,atelektasis,0.698041,predicted,0.5000,overlays/0024_train_cxr044_001_atelektasis_heatmap.jpg,masks/0024_train_cxr044_001_atelektasis_mask.png,lung segmentation/output_masks/train/CXR044_001.jpg,bboxes/0024_train_cxr044_001_atelektasis_bbox.jpg,1,"38,66,60,53","38,66,60,53",3 0.303571 0.412946 0.267857 0.236607
train,CXR044_002.jpg,3,atelektasis,0.591394,predicted,0.5000,overlays/0025_train_cxr044_002_atelektasis_heatmap.jpg,masks/0025_train_cxr044_002_atelektasis_mask.png,lung segmentation/output_masks/train/CXR044_002.jpg,bboxes/0025_train_cxr044_002_atelektasis_bbox.jpg,1,"28,44,63,63","28,44,63,63",3 0.265625 0.337054 0.281250 0.281250
train,CXR001_001.jpg,0,infiltrat,0.926296,predicted,0.5000,overlays/0026_train_cxr001_001_infiltrat_heatmap.jpg,masks/0026_train_cxr001_001_infiltrat_mask.png,lung segmentation/output_masks/train/CXR001_001.jpg,bboxes/0026_train_cxr001_001_infiltrat_bbox.jpg,1,"132,49,57,97","132,49,57,97",0 0.716518 0.435268 0.254464 0.433036
train,CXR001_002.jpg,0,infiltrat,0.834127,predicted,0.5000,overlays/0027_train_cxr001_002_infiltrat_heatmap.jpg,masks/0027_train_cxr001_002_infiltrat_mask.png,lung segmentation/output_masks/train/CXR001_002.jpg,bboxes/0027_train_cxr001_002_infiltrat_bbox.jpg,1,"140,21,53,88","140,21,53,88",0 0.743304 0.290179 0.236607 0.392857
train,CXR001_002.jpg,2,efusi pleura,0.516621,predicted,0.5000,overlays/0027_train_cxr001_002_efusi_pleura_heatmap.jpg,masks/0027_train_cxr001_002_efusi_pleura_mask.png,lung segmentation/output_masks/train/CXR001_002.jpg,bboxes/0027_train_cxr001_002_efusi_pleura_bbox.jpg,2,"87,63,20,46","87,63,20,46|168,73,14,28",2 0.433036 0.383929 0.089286 0.205357|2 0.781250 0.388393 0.062500 0.125000
train,CXR001_002.jpg,3,atelektasis,0.510783,predicted,0.5000,overlays/0027_train_cxr001_002_atelektasis_heatmap.jpg,masks/0027_train_cxr001_002_atelektasis_mask.png,lung segmentation/output_masks/train/CXR001_002.jpg,bboxes/0027_train_cxr001_002_atelektasis_bbox.jpg,1,"165,65,28,44","165,65,28,44",3 0.799107 0.388393 0.125000 0.196429
train,CXR001_003.jpg,1,pneumothorax,0.519602,predicted,0.5000,overlays/0028_train_cxr001_003_pneumothorax_heatmap.jpg,masks/0028_train_cxr001_003_pneumothorax_mask.png,lung segmentation/output_masks/train/CXR001_003.jpg,bboxes/0028_train_cxr001_003_pneumothorax_bbox.jpg,1,"130,42,45,67","130,42,45,67",1 0.680804 0.337054 0.200893 0.299107
train,CXR001_003.jpg,2,efusi pleura,0.645758,predicted,0.5000,overlays/0028_train_cxr001_003_efusi_pleura_heatmap.jpg,masks/0028_train_cxr001_003_efusi_pleura_mask.png,lung segmentation/output_masks/train/CXR001_003.jpg,bboxes/0028_train_cxr001_003_efusi_pleura_bbox.jpg,1,"68,86,20,37","68,86,20,37",2 0.348214 0.466518 0.089286 0.165179
train,CXR001_003.jpg,3,atelektasis,0.696252,predicted,0.5000,overlays/0028_train_cxr001_003_atelektasis_heatmap.jpg,masks/0028_train_cxr001_003_atelektasis_mask.png,lung segmentation/output_masks/train/CXR001_003.jpg,bboxes/0028_train_cxr001_003_atelektasis_bbox.jpg,1,"130,35,45,74","130,35,45,74",3 0.680804 0.321429 0.200893 0.330357
train,CXR001_004.jpg,2,efusi pleura,0.638204,predicted,0.5000,overlays/0029_train_cxr001_004_efusi_pleura_heatmap.jpg,masks/0029_train_cxr001_004_efusi_pleura_mask.png,lung segmentation/output_masks/train/CXR001_004.jpg,bboxes/0029_train_cxr001_004_efusi_pleura_bbox.jpg,2,"89,80,13,39","89,80,13,39|175,92,13,20",2 0.426339 0.444196 0.058036 0.174107|2 0.810268 0.455357 0.058036 0.089286
train,CXR001_004.jpg,3,atelektasis,0.720671,predicted,0.5000,overlays/0029_train_cxr001_004_atelektasis_heatmap.jpg,masks/0029_train_cxr001_004_atelektasis_mask.png,lung segmentation/output_masks/train/CXR001_004.jpg,bboxes/0029_train_cxr001_004_atelektasis_bbox.jpg,2,"140,29,49,83","140,29,49,83|99,45,6,14",3 0.734375 0.314732 0.218750 0.370536|3 0.455357 0.232143 0.026786 0.062500
train,CXR002_001.jpg,1,pneumothorax,0.632738,predicted,0.5000,overlays/0030_train_cxr002_001_pneumothorax_heatmap.jpg,masks/0030_train_cxr002_001_pneumothorax_mask.png,lung segmentation/output_masks/train/CXR002_001.jpg,bboxes/0030_train_cxr002_001_pneumothorax_bbox.jpg,1,"35,69,60,92","35,69,60,92",1 0.290179 0.513393 0.267857 0.410714
train,CXR002_002.jpg,1,pneumothorax,0.474394,predicted,0.5000,overlays/0031_train_cxr002_002_pneumothorax_heatmap.jpg,masks/0031_train_cxr002_002_pneumothorax_mask.png,lung segmentation/output_masks/train/CXR002_002.jpg,bboxes/0031_train_cxr002_002_pneumothorax_bbox.jpg,1,"25,64,59,80","25,64,59,80",1 0.243304 0.464286 0.263393 0.357143
train,CXR002_003.jpg,1,pneumothorax,0.756431,predicted,0.5000,overlays/0032_train_cxr002_003_pneumothorax_heatmap.jpg,masks/0032_train_cxr002_003_pneumothorax_mask.png,lung segmentation/output_masks/train/CXR002_003.jpg,bboxes/0032_train_cxr002_003_pneumothorax_bbox.jpg,1,"31,62,60,92","31,62,60,92",1 0.272321 0.482143 0.267857 0.410714
train,CXR003_001.jpg,0,infiltrat,0.888042,predicted,0.5000,overlays/0033_train_cxr003_001_infiltrat_heatmap.jpg,masks/0033_train_cxr003_001_infiltrat_mask.png,lung segmentation/output_masks/train/CXR003_001.jpg,bboxes/0033_train_cxr003_001_infiltrat_bbox.jpg,1,"142,56,51,91","142,56,51,91",0 0.747768 0.453125 0.227679 0.406250
train,CXR003_001.jpg,2,efusi pleura,0.546655,predicted,0.5000,overlays/0033_train_cxr003_001_efusi_pleura_heatmap.jpg,masks/0033_train_cxr003_001_efusi_pleura_mask.png,lung segmentation/output_masks/train/CXR003_001.jpg,bboxes/0033_train_cxr003_001_efusi_pleura_bbox.jpg,1,"158,101,31,46","158,101,31,46",2 0.774554 0.553571 0.138393 0.205357
train,CXR004_001.jpg,0,infiltrat,0.834024,predicted,0.5000,overlays/0034_train_cxr004_001_infiltrat_heatmap.jpg,masks/0034_train_cxr004_001_infiltrat_mask.png,lung segmentation/output_masks/train/CXR004_001.jpg,bboxes/0034_train_cxr004_001_infiltrat_bbox.jpg,1,"131,28,69,93","131,28,69,93",0 0.738839 0.332589 0.308036 0.415179
train,CXR004_001.jpg,3,atelektasis,0.557944,predicted,0.5000,overlays/0034_train_cxr004_001_atelektasis_heatmap.jpg,masks/0034_train_cxr004_001_atelektasis_mask.png,lung segmentation/output_masks/train/CXR004_001.jpg,bboxes/0034_train_cxr004_001_atelektasis_bbox.jpg,1,"18,45,75,99","18,45,75,99",3 0.247768 0.421875 0.334821 0.441964
train,CXR004_002.jpg,0,infiltrat,0.682867,predicted,0.5000,overlays/0035_train_cxr004_002_infiltrat_heatmap.jpg,masks/0035_train_cxr004_002_infiltrat_mask.png,lung segmentation/output_masks/train/CXR004_002.jpg,bboxes/0035_train_cxr004_002_infiltrat_bbox.jpg,1,"45,57,64,73","45,57,64,73",0 0.343750 0.417411 0.285714 0.325893
train,CXR004_002.jpg,1,pneumothorax,0.571921,predicted,0.5000,overlays/0035_train_cxr004_002_pneumothorax_heatmap.jpg,masks/0035_train_cxr004_002_pneumothorax_mask.png,lung segmentation/output_masks/train/CXR004_002.jpg,bboxes/0035_train_cxr004_002_pneumothorax_bbox.jpg,1,"28,57,81,94","28,57,81,94",1 0.305804 0.464286 0.361607 0.419643
train,CXR004_002.jpg,3,atelektasis,0.568906,predicted,0.5000,overlays/0035_train_cxr004_002_atelektasis_heatmap.jpg,masks/0035_train_cxr004_002_atelektasis_mask.png,lung segmentation/output_masks/train/CXR004_002.jpg,bboxes/0035_train_cxr004_002_atelektasis_bbox.jpg,1,"37,28,79,102","37,28,79,102",3 0.341518 0.352679 0.352679 0.455357
train,CXR005_001.jpg,0,infiltrat,0.914153,predicted,0.5000,overlays/0036_train_cxr005_001_infiltrat_heatmap.jpg,masks/0036_train_cxr005_001_infiltrat_mask.png,lung segmentation/output_masks/train/CXR005_001.jpg,bboxes/0036_train_cxr005_001_infiltrat_bbox.jpg,1,"11,43,73,79","11,43,73,79",0 0.212054 0.368304 0.325893 0.352679
train,CXR006_001.jpg,0,infiltrat,0.828059,predicted,0.5000,overlays/0037_train_cxr006_001_infiltrat_heatmap.jpg,masks/0037_train_cxr006_001_infiltrat_mask.png,lung segmentation/output_masks/train/CXR006_001.jpg,bboxes/0037_train_cxr006_001_infiltrat_bbox.jpg,1,"25,50,68,100","25,50,68,100",0 0.263393 0.446429 0.303571 0.446429
train,CXR006_001.jpg,1,pneumothorax,0.573005,predicted,0.5000,overlays/0037_train_cxr006_001_pneumothorax_heatmap.jpg,masks/0037_train_cxr006_001_pneumothorax_mask.png,lung segmentation/output_masks/train/CXR006_001.jpg,bboxes/0037_train_cxr006_001_pneumothorax_bbox.jpg,1,"25,38,77,104","25,38,77,104",1 0.283482 0.401786 0.343750 0.464286
train,CXR006_002.jpg,0,infiltrat,0.237759,predicted,0.5000,overlays/0038_train_cxr006_002_infiltrat_heatmap.jpg,masks/0038_train_cxr006_002_infiltrat_mask.png,lung segmentation/output_masks/train/CXR006_002.jpg,bboxes/0038_train_cxr006_002_infiltrat_bbox.jpg,1,"28,128,43,44","28,128,43,44",0 0.220982 0.669643 0.191964 0.196429
train,CXR007_001.jpg,1,pneumothorax,0.458260,predicted,0.5000,overlays/0039_train_cxr007_001_pneumothorax_heatmap.jpg,masks/0039_train_cxr007_001_pneumothorax_mask.png,lung segmentation/output_masks/train/CXR007_001.jpg,bboxes/0039_train_cxr007_001_pneumothorax_bbox.jpg,3,"154,100,42,82","154,100,42,82|46,79,18,34|82,94,13,28",1 0.781250 0.629464 0.187500 0.366071|1 0.245536 0.428571 0.080357 0.151786|1 0.395089 0.482143 0.058036 0.125000
train,CXR007_002.jpg,0,infiltrat,0.319974,predicted,0.5000,overlays/0040_train_cxr007_002_infiltrat_heatmap.jpg,masks/0040_train_cxr007_002_infiltrat_mask.png,lung segmentation/output_masks/train/CXR007_002.jpg,bboxes/0040_train_cxr007_002_infiltrat_bbox.jpg,1,"25,131,54,55","25,131,54,55",0 0.232143 0.707589 0.241071 0.245536
train,CXR007_003.jpg,1,pneumothorax,0.370424,predicted,0.5000,overlays/0041_train_cxr007_003_pneumothorax_heatmap.jpg,masks/0041_train_cxr007_003_pneumothorax_mask.png,lung segmentation/output_masks/train/CXR007_003.jpg,bboxes/0041_train_cxr007_003_pneumothorax_bbox.jpg,1,"169,113,38,55","169,113,38,55",1 0.839286 0.627232 0.169643 0.245536
train,CXR008_001.jpg,0,infiltrat,0.148366,predicted,0.5000,overlays/0042_train_cxr008_001_infiltrat_heatmap.jpg,masks/0042_train_cxr008_001_infiltrat_mask.png,lung segmentation/output_masks/train/CXR008_001.jpg,bboxes/0042_train_cxr008_001_infiltrat_bbox.jpg,1,"33,154,12,11","33,154,12,11",0 0.174107 0.712054 0.053571 0.049107
train,CXR009_003.jpg,1,pneumothorax,0.547965,predicted,0.5000,overlays/0043_train_cxr009_003_pneumothorax_heatmap.jpg,masks/0043_train_cxr009_003_pneumothorax_mask.png,lung segmentation/output_masks/train/CXR009_003.jpg,bboxes/0043_train_cxr009_003_pneumothorax_bbox.jpg,2,"48,64,57,80","48,64,57,80|147,49,46,84",1 0.341518 0.464286 0.254464 0.357143|1 0.758929 0.406250 0.205357 0.375000
train,CXR011_002.jpg,3,atelektasis,0.791522,predicted,0.5000,overlays/0044_train_cxr011_002_atelektasis_heatmap.jpg,masks/0044_train_cxr011_002_atelektasis_mask.png,lung segmentation/output_masks/train/CXR011_002.jpg,bboxes/0044_train_cxr011_002_atelektasis_bbox.jpg,1,"137,57,59,73","137,57,59,73",3 0.743304 0.417411 0.263393 0.325893
train,CXR012_001.jpg,0,infiltrat,0.594212,predicted,0.5000,overlays/0045_train_cxr012_001_infiltrat_heatmap.jpg,masks/0045_train_cxr012_001_infiltrat_mask.png,lung segmentation/output_masks/train/CXR012_001.jpg,bboxes/0045_train_cxr012_001_infiltrat_bbox.jpg,2,"38,62,64,100","38,62,64,100|166,104,15,24",0 0.312500 0.500000 0.285714 0.446429|0 0.774554 0.517857 0.066964 0.107143
train,CXR012_002.jpg,0,infiltrat,0.578588,predicted,0.5000,overlays/0046_train_cxr012_002_infiltrat_heatmap.jpg,masks/0046_train_cxr012_002_infiltrat_mask.png,lung segmentation/output_masks/train/CXR012_002.jpg,bboxes/0046_train_cxr012_002_infiltrat_bbox.jpg,2,"45,70,59,84","45,70,59,84|141,41,66,72",0 0.332589 0.500000 0.263393 0.375000|0 0.776786 0.343750 0.294643 0.321429
train,CXR012_003.jpg,0,infiltrat,0.643736,predicted,0.5000,overlays/0047_train_cxr012_003_infiltrat_heatmap.jpg,masks/0047_train_cxr012_003_infiltrat_mask.png,lung segmentation/output_masks/train/CXR012_003.jpg,bboxes/0047_train_cxr012_003_infiltrat_bbox.jpg,2,"31,63,67,83","31,63,67,83|137,25,56,86",0 0.287946 0.466518 0.299107 0.370536|0 0.736607 0.303571 0.250000 0.383929
train,CXR013_003.jpg,0,infiltrat,0.776891,predicted,0.5000,overlays/0048_train_cxr013_003_infiltrat_heatmap.jpg,masks/0048_train_cxr013_003_infiltrat_mask.png,lung segmentation/output_masks/train/CXR013_003.jpg,bboxes/0048_train_cxr013_003_infiltrat_bbox.jpg,1,"35,54,74,97","35,54,74,97",0 0.321429 0.457589 0.330357 0.433036
train,CXR014_001.jpg,0,infiltrat,0.376884,predicted,0.5000,overlays/0049_train_cxr014_001_infiltrat_heatmap.jpg,masks/0049_train_cxr014_001_infiltrat_mask.png,lung segmentation/output_masks/train/CXR014_001.jpg,bboxes/0049_train_cxr014_001_infiltrat_bbox.jpg,1,"127,18,52,34","127,18,52,34",0 0.683036 0.156250 0.232143 0.151786
train,CXR014_002.jpg,0,infiltrat,0.373725,predicted,0.5000,overlays/0050_train_cxr014_002_infiltrat_heatmap.jpg,masks/0050_train_cxr014_002_infiltrat_mask.png,lung segmentation/output_masks/train/CXR014_002.jpg,bboxes/0050_train_cxr014_002_infiltrat_bbox.jpg,2,"158,14,24,21","158,14,24,21|14,123,14,10",0 0.758929 0.109375 0.107143 0.093750|0 0.093750 0.571429 0.062500 0.044643
train,CXR014_003.jpg,0,infiltrat,0.308145,predicted,0.5000,overlays/0051_train_cxr014_003_infiltrat_heatmap.jpg,masks/0051_train_cxr014_003_infiltrat_mask.png,lung segmentation/output_masks/train/CXR014_003.jpg,bboxes/0051_train_cxr014_003_infiltrat_bbox.jpg,1,"72,119,24,11","72,119,24,11",0 0.375000 0.555804 0.107143 0.049107
train,CXR015_002.jpg,0,infiltrat,0.904881,predicted,0.5000,overlays/0052_train_cxr015_002_infiltrat_heatmap.jpg,masks/0052_train_cxr015_002_infiltrat_mask.png,lung segmentation/output_masks/train/CXR015_002.jpg,bboxes/0052_train_cxr015_002_infiltrat_bbox.jpg,2,"25,38,70,102","25,38,70,102|141,34,48,68",0 0.267857 0.397321 0.312500 0.455357|0 0.736607 0.303571 0.214286 0.303571
train,CXR015_003.jpg,0,infiltrat,0.734758,predicted,0.5000,overlays/0053_train_cxr015_003_infiltrat_heatmap.jpg,masks/0053_train_cxr015_003_infiltrat_mask.png,lung segmentation/output_masks/train/CXR015_003.jpg,bboxes/0053_train_cxr015_003_infiltrat_bbox.jpg,1,"31,42,67,100","31,42,67,100",0 0.287946 0.410714 0.299107 0.446429
train,CXR016_002.jpg,0,infiltrat,0.807819,predicted,0.5000,overlays/0054_train_cxr016_002_infiltrat_heatmap.jpg,masks/0054_train_cxr016_002_infiltrat_mask.png,lung segmentation/output_masks/train/CXR016_002.jpg,bboxes/0054_train_cxr016_002_infiltrat_bbox.jpg,2,"38,44,71,90","38,44,71,90|130,22,66,88",0 0.328125 0.397321 0.316964 0.401786|0 0.727679 0.294643 0.294643 0.392857
train,CXR016_003.jpg,0,infiltrat,0.826414,predicted,0.5000,overlays/0055_train_cxr016_003_infiltrat_heatmap.jpg,masks/0055_train_cxr016_003_infiltrat_mask.png,lung segmentation/output_masks/train/CXR016_003.jpg,bboxes/0055_train_cxr016_003_infiltrat_bbox.jpg,2,"38,18,71,92","38,18,71,92|130,14,33,68",0 0.328125 0.285714 0.316964 0.410714|0 0.654018 0.214286 0.147321 0.303571
train,CXR016_004.jpg,0,infiltrat,0.740770,predicted,0.5000,overlays/0056_train_cxr016_004_infiltrat_heatmap.jpg,masks/0056_train_cxr016_004_infiltrat_mask.png,lung segmentation/output_masks/train/CXR016_004.jpg,bboxes/0056_train_cxr016_004_infiltrat_bbox.jpg,2,"129,31,64,95","129,31,64,95|45,110,16,3",0 0.718750 0.350446 0.285714 0.424107|0 0.236607 0.497768 0.071429 0.013393
train,CXR017_004.jpg,0,infiltrat,0.897010,predicted,0.5000,overlays/0057_train_cxr017_004_infiltrat_heatmap.jpg,masks/0057_train_cxr017_004_infiltrat_mask.png,lung segmentation/output_masks/train/CXR017_004.jpg,bboxes/0057_train_cxr017_004_infiltrat_bbox.jpg,1,"45,47,64,86","45,47,64,86",0 0.343750 0.401786 0.285714 0.383929
train,CXR017_004.jpg,1,pneumothorax,0.672201,predicted,0.5000,overlays/0057_train_cxr017_004_pneumothorax_heatmap.jpg,masks/0057_train_cxr017_004_pneumothorax_mask.png,lung segmentation/output_masks/train/CXR017_004.jpg,bboxes/0057_train_cxr017_004_pneumothorax_bbox.jpg,1,"45,63,64,70","45,63,64,70",1 0.343750 0.437500 0.285714 0.312500
train,CXR020_001.jpg,0,infiltrat,0.663198,predicted,0.5000,overlays/0058_train_cxr020_001_infiltrat_heatmap.jpg,masks/0058_train_cxr020_001_infiltrat_mask.png,lung segmentation/output_masks/train/CXR020_001.jpg,bboxes/0058_train_cxr020_001_infiltrat_bbox.jpg,1,"38,21,67,76","38,21,67,76",0 0.319196 0.263393 0.299107 0.339286
train,CXR020_001.jpg,1,pneumothorax,0.648140,predicted,0.5000,overlays/0058_train_cxr020_001_pneumothorax_heatmap.jpg,masks/0058_train_cxr020_001_pneumothorax_mask.png,lung segmentation/output_masks/train/CXR020_001.jpg,bboxes/0058_train_cxr020_001_pneumothorax_bbox.jpg,2,"38,23,67,102","38,23,67,102|123,18,12,50",1 0.319196 0.330357 0.299107 0.455357|1 0.575893 0.191964 0.053571 0.223214
train,CXR020_002.jpg,1,pneumothorax,0.769146,predicted,0.5000,overlays/0059_train_cxr020_002_pneumothorax_heatmap.jpg,masks/0059_train_cxr020_002_pneumothorax_mask.png,lung segmentation/output_masks/train/CXR020_002.jpg,bboxes/0059_train_cxr020_002_pneumothorax_bbox.jpg,1,"37,28,61,93","37,28,61,93",1 0.301339 0.332589 0.272321 0.415179
train,CXR020_003.jpg,0,infiltrat,0.607239,predicted,0.5000,overlays/0060_train_cxr020_003_infiltrat_heatmap.jpg,masks/0060_train_cxr020_003_infiltrat_mask.png,lung segmentation/output_masks/train/CXR020_003.jpg,bboxes/0060_train_cxr020_003_infiltrat_bbox.jpg,1,"49,14,70,75","49,14,70,75",0 0.375000 0.229911 0.312500 0.334821
train,CXR021_001.jpg,0,infiltrat,0.699393,predicted,0.5000,overlays/0061_train_cxr021_001_infiltrat_heatmap.jpg,masks/0061_train_cxr021_001_infiltrat_mask.png,lung segmentation/output_masks/train/CXR021_001.jpg,bboxes/0061_train_cxr021_001_infiltrat_bbox.jpg,1,"137,88,59,112","137,88,59,112",0 0.743304 0.642857 0.263393 0.500000
train,CXR021_002.jpg,0,infiltrat,0.551436,predicted,0.5000,overlays/0062_train_cxr021_002_infiltrat_heatmap.jpg,masks/0062_train_cxr021_002_infiltrat_mask.png,lung segmentation/output_masks/train/CXR021_002.jpg,bboxes/0062_train_cxr021_002_infiltrat_bbox.jpg,3,"140,131,60,68","140,131,60,68|25,161,49,31|161,31,14,8",0 0.758929 0.736607 0.267857 0.303571|0 0.220982 0.787946 0.218750 0.138393|0 0.750000 0.156250 0.062500 0.035714
train,CXR021_003.jpg,0,infiltrat,0.569599,predicted,0.5000,overlays/0063_train_cxr021_003_infiltrat_heatmap.jpg,masks/0063_train_cxr021_003_infiltrat_mask.png,lung segmentation/output_masks/train/CXR021_003.jpg,bboxes/0063_train_cxr021_003_infiltrat_bbox.jpg,2,"137,25,51,66","137,25,51,66|21,134,41,38",0 0.725446 0.258929 0.227679 0.294643|0 0.185268 0.683036 0.183036 0.169643
train,CXR022_001.jpg,0,infiltrat,0.809407,predicted,0.5000,overlays/0064_train_cxr022_001_infiltrat_heatmap.jpg,masks/0064_train_cxr022_001_infiltrat_mask.png,lung segmentation/output_masks/train/CXR022_001.jpg,bboxes/0064_train_cxr022_001_infiltrat_bbox.jpg,1,"52,31,64,90","52,31,64,90",0 0.375000 0.339286 0.285714 0.401786
train,CXR022_002.jpg,0,infiltrat,0.399652,predicted,0.5000,overlays/0065_train_cxr022_002_infiltrat_heatmap.jpg,masks/0065_train_cxr022_002_infiltrat_mask.png,lung segmentation/output_masks/train/CXR022_002.jpg,bboxes/0065_train_cxr022_002_infiltrat_bbox.jpg,1,"160,24,33,73","160,24,33,73",0 0.787946 0.270089 0.147321 0.325893
train,CXR022_003.jpg,0,infiltrat,0.228503,predicted,0.5000,overlays/0066_train_cxr022_003_infiltrat_heatmap.jpg,masks/0066_train_cxr022_003_infiltrat_mask.png,lung segmentation/output_masks/train/CXR022_003.jpg,bboxes/0066_train_cxr022_003_infiltrat_bbox.jpg,1,"49,153,10,12","49,153,10,12",0 0.241071 0.709821 0.044643 0.053571
train,CXR024_001.jpg,0,infiltrat,0.631088,predicted,0.5000,overlays/0067_train_cxr024_001_infiltrat_heatmap.jpg,masks/0067_train_cxr024_001_infiltrat_mask.png,lung segmentation/output_masks/train/CXR024_001.jpg,bboxes/0067_train_cxr024_001_infiltrat_bbox.jpg,1,"140,65,56,99","140,65,56,99",0 0.750000 0.511161 0.250000 0.441964
train,CXR024_002.jpg,0,infiltrat,0.694575,predicted,0.5000,overlays/0068_train_cxr024_002_infiltrat_heatmap.jpg,masks/0068_train_cxr024_002_infiltrat_mask.png,lung segmentation/output_masks/train/CXR024_002.jpg,bboxes/0068_train_cxr024_002_infiltrat_bbox.jpg,1,"165,25,49,99","165,25,49,99",0 0.845982 0.332589 0.218750 0.441964
train,CXR024_003.jpg,0,infiltrat,0.615331,predicted,0.5000,overlays/0069_train_cxr024_003_infiltrat_heatmap.jpg,masks/0069_train_cxr024_003_infiltrat_mask.png,lung segmentation/output_masks/train/CXR024_003.jpg,bboxes/0069_train_cxr024_003_infiltrat_bbox.jpg,1,"130,30,59,104","130,30,59,104",0 0.712054 0.366071 0.263393 0.464286
train,CXR025_001.jpg,0,infiltrat,0.748843,predicted,0.5000,overlays/0070_train_cxr025_001_infiltrat_heatmap.jpg,masks/0070_train_cxr025_001_infiltrat_mask.png,lung segmentation/output_masks/train/CXR025_001.jpg,bboxes/0070_train_cxr025_001_infiltrat_bbox.jpg,1,"38,80,57,81","38,80,57,81",0 0.296875 0.537946 0.254464 0.361607
train,CXR025_001.jpg,1,pneumothorax,0.717860,predicted,0.5000,overlays/0070_train_cxr025_001_pneumothorax_heatmap.jpg,masks/0070_train_cxr025_001_pneumothorax_mask.png,lung segmentation/output_masks/train/CXR025_001.jpg,bboxes/0070_train_cxr025_001_pneumothorax_bbox.jpg,2,"38,87,57,74","38,87,57,74|126,100,70,65",1 0.296875 0.553571 0.254464 0.330357|1 0.718750 0.591518 0.312500 0.290179
train,CXR025_001.jpg,3,atelektasis,0.744691,predicted,0.5000,overlays/0070_train_cxr025_001_atelektasis_heatmap.jpg,masks/0070_train_cxr025_001_atelektasis_mask.png,lung segmentation/output_masks/train/CXR025_001.jpg,bboxes/0070_train_cxr025_001_atelektasis_bbox.jpg,2,"38,66,57,90","38,66,57,90|126,92,70,73",3 0.296875 0.495536 0.254464 0.401786|3 0.718750 0.573661 0.312500 0.325893
train,CXR025_002.jpg,0,infiltrat,0.593727,predicted,0.5000,overlays/0071_train_cxr025_002_infiltrat_heatmap.jpg,masks/0071_train_cxr025_002_infiltrat_mask.png,lung segmentation/output_masks/train/CXR025_002.jpg,bboxes/0071_train_cxr025_002_infiltrat_bbox.jpg,1,"42,107,46,52","42,107,46,52",0 0.290179 0.593750 0.205357 0.232143
train,CXR025_002.jpg,1,pneumothorax,0.526131,predicted,0.5000,overlays/0071_train_cxr025_002_pneumothorax_heatmap.jpg,masks/0071_train_cxr025_002_pneumothorax_mask.png,lung segmentation/output_masks/train/CXR025_002.jpg,bboxes/0071_train_cxr025_002_pneumothorax_bbox.jpg,1,"42,101,38,58","42,101,38,58",1 0.272321 0.580357 0.169643 0.258929
train,CXR025_002.jpg,2,efusi pleura,0.636024,predicted,0.5000,overlays/0071_train_cxr025_002_efusi_pleura_heatmap.jpg,masks/0071_train_cxr025_002_efusi_pleura_mask.png,lung segmentation/output_masks/train/CXR025_002.jpg,bboxes/0071_train_cxr025_002_efusi_pleura_bbox.jpg,1,"42,110,46,49","42,110,46,49",2 0.290179 0.600446 0.205357 0.218750
train,CXR025_002.jpg,3,atelektasis,0.751569,predicted,0.5000,overlays/0071_train_cxr025_002_atelektasis_heatmap.jpg,masks/0071_train_cxr025_002_atelektasis_mask.png,lung segmentation/output_masks/train/CXR025_002.jpg,bboxes/0071_train_cxr025_002_atelektasis_bbox.jpg,2,"133,95,67,70","133,95,67,70|42,88,49,71",3 0.743304 0.580357 0.299107 0.312500|3 0.296875 0.551339 0.218750 0.316964
train,CXR025_003.jpg,1,pneumothorax,0.577964,predicted,0.5000,overlays/0072_train_cxr025_003_pneumothorax_heatmap.jpg,masks/0072_train_cxr025_003_pneumothorax_mask.png,lung segmentation/output_masks/train/CXR025_003.jpg,bboxes/0072_train_cxr025_003_pneumothorax_bbox.jpg,1,"45,90,53,57","45,90,53,57",1 0.319196 0.529018 0.236607 0.254464
train,CXR025_003.jpg,3,atelektasis,0.811968,predicted,0.5000,overlays/0072_train_cxr025_003_atelektasis_heatmap.jpg,masks/0072_train_cxr025_003_atelektasis_mask.png,lung segmentation/output_masks/train/CXR025_003.jpg,bboxes/0072_train_cxr025_003_atelektasis_bbox.jpg,1,"45,81,53,66","45,81,53,66",3 0.319196 0.508929 0.236607 0.294643
train,CXR026_001.jpg,0,infiltrat,0.536549,predicted,0.5000,overlays/0073_train_cxr026_001_infiltrat_heatmap.jpg,masks/0073_train_cxr026_001_infiltrat_mask.png,lung segmentation/output_masks/train/CXR026_001.jpg,bboxes/0073_train_cxr026_001_infiltrat_bbox.jpg,3,"28,75,71,85","28,75,71,85|140,111,37,52|190,173,13,6",0 0.283482 0.524554 0.316964 0.379464|0 0.707589 0.611607 0.165179 0.232143|0 0.877232 0.785714 0.058036 0.026786
train,CXR026_002.jpg,0,infiltrat,0.484116,predicted,0.5000,overlays/0074_train_cxr026_002_infiltrat_heatmap.jpg,masks/0074_train_cxr026_002_infiltrat_mask.png,lung segmentation/output_masks/train/CXR026_002.jpg,bboxes/0074_train_cxr026_002_infiltrat_bbox.jpg,2,"35,35,60,90","35,35,60,90|165,64,42,85",0 0.290179 0.357143 0.267857 0.401786|0 0.830357 0.475446 0.187500 0.379464
train,CXR026_003.jpg,2,efusi pleura,0.454527,predicted,0.5000,overlays/0075_train_cxr026_003_efusi_pleura_heatmap.jpg,masks/0075_train_cxr026_003_efusi_pleura_mask.png,lung segmentation/output_masks/train/CXR026_003.jpg,bboxes/0075_train_cxr026_003_efusi_pleura_bbox.jpg,1,"25,107,68,47","25,107,68,47",2 0.263393 0.582589 0.303571 0.209821
train,CXR027_001.jpg,0,infiltrat,0.636523,predicted,0.5000,overlays/0076_train_cxr027_001_infiltrat_heatmap.jpg,masks/0076_train_cxr027_001_infiltrat_mask.png,lung segmentation/output_masks/train/CXR027_001.jpg,bboxes/0076_train_cxr027_001_infiltrat_bbox.jpg,1,"35,21,74,96","35,21,74,96",0 0.321429 0.308036 0.330357 0.428571
train,CXR027_001.jpg,3,atelektasis,0.629647,predicted,0.5000,overlays/0076_train_cxr027_001_atelektasis_heatmap.jpg,masks/0076_train_cxr027_001_atelektasis_mask.png,lung segmentation/output_masks/train/CXR027_001.jpg,bboxes/0076_train_cxr027_001_atelektasis_bbox.jpg,1,"35,28,74,91","35,28,74,91",3 0.321429 0.328125 0.330357 0.406250
train,CXR027_002.jpg,0,infiltrat,0.498742,predicted,0.5000,overlays/0077_train_cxr027_002_infiltrat_heatmap.jpg,masks/0077_train_cxr027_002_infiltrat_mask.png,lung segmentation/output_masks/train/CXR027_002.jpg,bboxes/0077_train_cxr027_002_infiltrat_bbox.jpg,1,"38,21,54,78","38,21,54,78",0 0.290179 0.267857 0.241071 0.348214
train,CXR027_003.jpg,3,atelektasis,0.435787,predicted,0.5000,overlays/0078_train_cxr027_003_atelektasis_heatmap.jpg,masks/0078_train_cxr027_003_atelektasis_mask.png,lung segmentation/output_masks/train/CXR027_003.jpg,bboxes/0078_train_cxr027_003_atelektasis_bbox.jpg,1,"133,32,70,73","133,32,70,73",3 0.750000 0.305804 0.312500 0.325893
train,CXR028_001.jpg,0,infiltrat,0.425448,predicted,0.5000,overlays/0079_train_cxr028_001_infiltrat_heatmap.jpg,masks/0079_train_cxr028_001_infiltrat_mask.png,lung segmentation/output_masks/train/CXR028_001.jpg,bboxes/0079_train_cxr028_001_infiltrat_bbox.jpg,2,"25,138,13,32","25,138,13,32|189,166,21,20",0 0.140625 0.687500 0.058036 0.142857|0 0.890625 0.785714 0.093750 0.089286
train,CXR030_001.jpg,0,infiltrat,0.763404,predicted,0.5000,overlays/0080_train_cxr030_001_infiltrat_heatmap.jpg,masks/0080_train_cxr030_001_infiltrat_mask.png,lung segmentation/output_masks/train/CXR030_001.jpg,bboxes/0080_train_cxr030_001_infiltrat_bbox.jpg,2,"25,7,72,90","25,7,72,90|151,67,45,67",0 0.272321 0.232143 0.321429 0.401786|0 0.774554 0.448661 0.200893 0.299107
train,CXR030_001.jpg,2,efusi pleura,0.520020,predicted,0.5000,overlays/0080_train_cxr030_001_efusi_pleura_heatmap.jpg,masks/0080_train_cxr030_001_efusi_pleura_mask.png,lung segmentation/output_masks/train/CXR030_001.jpg,bboxes/0080_train_cxr030_001_efusi_pleura_bbox.jpg,1,"154,78,42,69","154,78,42,69",2 0.781250 0.502232 0.187500 0.308036
train,CXR030_002.jpg,0,infiltrat,0.560322,predicted,0.5000,overlays/0081_train_cxr030_002_infiltrat_heatmap.jpg,masks/0081_train_cxr030_002_infiltrat_mask.png,lung segmentation/output_masks/train/CXR030_002.jpg,bboxes/0081_train_cxr030_002_infiltrat_bbox.jpg,1,"31,21,64,88","31,21,64,88",0 0.281250 0.290179 0.285714 0.392857
train,CXR030_002.jpg,2,efusi pleura,0.530282,predicted,0.5000,overlays/0081_train_cxr030_002_efusi_pleura_heatmap.jpg,masks/0081_train_cxr030_002_efusi_pleura_mask.png,lung segmentation/output_masks/train/CXR030_002.jpg,bboxes/0081_train_cxr030_002_efusi_pleura_bbox.jpg,1,"187,137,8,7","187,137,8,7",2 0.852679 0.627232 0.035714 0.031250
train,CXR030_003.jpg,0,infiltrat,0.692743,predicted,0.5000,overlays/0082_train_cxr030_003_infiltrat_heatmap.jpg,masks/0082_train_cxr030_003_infiltrat_mask.png,lung segmentation/output_masks/train/CXR030_003.jpg,bboxes/0082_train_cxr030_003_infiltrat_bbox.jpg,2,"179,63,21,33","179,63,21,33|196,126,7,14",0 0.845982 0.354911 0.093750 0.147321|0 0.890625 0.593750 0.031250 0.062500
train,CXR030_003.jpg,1,pneumothorax,0.534518,predicted,0.5000,overlays/0082_train_cxr030_003_pneumothorax_heatmap.jpg,masks/0082_train_cxr030_003_pneumothorax_mask.png,lung segmentation/output_masks/train/CXR030_003.jpg,bboxes/0082_train_cxr030_003_pneumothorax_bbox.jpg,3,"179,55,21,41","179,55,21,41|161,54,18,19|196,126,7,14",1 0.845982 0.337054 0.093750 0.183036|1 0.758929 0.283482 0.080357 0.084821|1 0.890625 0.593750 0.031250 0.062500
train,CXR030_003.jpg,2,efusi pleura,0.541505,predicted,0.5000,overlays/0082_train_cxr030_003_efusi_pleura_heatmap.jpg,masks/0082_train_cxr030_003_efusi_pleura_mask.png,lung segmentation/output_masks/train/CXR030_003.jpg,bboxes/0082_train_cxr030_003_efusi_pleura_bbox.jpg,1,"196,126,7,14","196,126,7,14",2 0.890625 0.593750 0.031250 0.062500
train,CXR031_001.jpg,0,infiltrat,0.787743,predicted,0.5000,overlays/0083_train_cxr031_001_infiltrat_heatmap.jpg,masks/0083_train_cxr031_001_infiltrat_mask.png,lung segmentation/output_masks/train/CXR031_001.jpg,bboxes/0083_train_cxr031_001_infiltrat_bbox.jpg,1,"27,61,71,100","27,61,71,100",0 0.279018 0.495536 0.316964 0.446429
train,CXR031_002.jpg,0,infiltrat,0.665726,predicted,0.5000,overlays/0084_train_cxr031_002_infiltrat_heatmap.jpg,masks/0084_train_cxr031_002_infiltrat_mask.png,lung segmentation/output_masks/train/CXR031_002.jpg,bboxes/0084_train_cxr031_002_infiltrat_bbox.jpg,1,"18,24,77,139","18,24,77,139",0 0.252232 0.417411 0.343750 0.620536
train,CXR031_003.jpg,0,infiltrat,0.447356,predicted,0.5000,overlays/0085_train_cxr031_003_infiltrat_heatmap.jpg,masks/0085_train_cxr031_003_infiltrat_mask.png,lung segmentation/output_masks/train/CXR031_003.jpg,bboxes/0085_train_cxr031_003_infiltrat_bbox.jpg,1,"35,48,29,109","35,48,29,109",0 0.220982 0.457589 0.129464 0.486607
train,CXR032_002.jpg,0,infiltrat,0.625579,predicted,0.5000,overlays/0086_train_cxr032_002_infiltrat_heatmap.jpg,masks/0086_train_cxr032_002_infiltrat_mask.png,lung segmentation/output_masks/train/CXR032_002.jpg,bboxes/0086_train_cxr032_002_infiltrat_bbox.jpg,1,"136,34,57,93","136,34,57,93",0 0.734375 0.359375 0.254464 0.415179
train,CXR032_003.jpg,0,infiltrat,0.667568,predicted,0.5000,overlays/0087_train_cxr032_003_infiltrat_heatmap.jpg,masks/0087_train_cxr032_003_infiltrat_mask.png,lung segmentation/output_masks/train/CXR032_003.jpg,bboxes/0087_train_cxr032_003_infiltrat_bbox.jpg,1,"134,19,62,81","134,19,62,81",0 0.736607 0.265625 0.276786 0.361607
train,CXR033_001.jpg,1,pneumothorax,0.551214,predicted,0.5000,overlays/0088_train_cxr033_001_pneumothorax_heatmap.jpg,masks/0088_train_cxr033_001_pneumothorax_mask.png,lung segmentation/output_masks/train/CXR033_001.jpg,bboxes/0088_train_cxr033_001_pneumothorax_bbox.jpg,1,"11,32,63,104","11,32,63,104",1 0.189732 0.375000 0.281250 0.464286
train,CXR033_002.jpg,3,atelektasis,0.525742,predicted,0.5000,overlays/0089_train_cxr033_002_atelektasis_heatmap.jpg,masks/0089_train_cxr033_002_atelektasis_mask.png,lung segmentation/output_masks/train/CXR033_002.jpg,bboxes/0089_train_cxr033_002_atelektasis_bbox.jpg,2,"25,44,73,85","25,44,73,85|126,66,60,69",3 0.274554 0.386161 0.325893 0.379464|3 0.696429 0.448661 0.267857 0.308036
train,CXR033_003.jpg,0,infiltrat,0.552306,predicted,0.5000,overlays/0090_train_cxr033_003_infiltrat_heatmap.jpg,masks/0090_train_cxr033_003_infiltrat_mask.png,lung segmentation/output_masks/train/CXR033_003.jpg,bboxes/0090_train_cxr033_003_infiltrat_bbox.jpg,1,"25,86,52,54","25,86,52,54",0 0.227679 0.504464 0.232143 0.241071
train,CXR033_003.jpg,3,atelektasis,0.619025,predicted,0.5000,overlays/0090_train_cxr033_003_atelektasis_heatmap.jpg,masks/0090_train_cxr033_003_atelektasis_mask.png,lung segmentation/output_masks/train/CXR033_003.jpg,bboxes/0090_train_cxr033_003_atelektasis_bbox.jpg,2,"25,36,70,96","25,36,70,96|112,44,7,12",3 0.267857 0.375000 0.312500 0.428571|3 0.515625 0.223214 0.031250 0.053571
train,CXR034_001.jpg,0,infiltrat,0.743042,predicted,0.5000,overlays/0091_train_cxr034_001_infiltrat_heatmap.jpg,masks/0091_train_cxr034_001_infiltrat_mask.png,lung segmentation/output_masks/train/CXR034_001.jpg,bboxes/0091_train_cxr034_001_infiltrat_bbox.jpg,1,"130,32,73,99","130,32,73,99",0 0.743304 0.363839 0.325893 0.441964
train,CXR034_002.jpg,0,infiltrat,0.307973,predicted,0.5000,overlays/0092_train_cxr034_002_infiltrat_heatmap.jpg,masks/0092_train_cxr034_002_infiltrat_mask.png,lung segmentation/output_masks/train/CXR034_002.jpg,bboxes/0092_train_cxr034_002_infiltrat_bbox.jpg,3,"160,64,45,32","160,64,45,32|193,163,21,30|35,58,4,24",0 0.814732 0.357143 0.200893 0.142857|0 0.908482 0.794643 0.093750 0.133929|0 0.165179 0.312500 0.017857 0.107143
train,CXR034_003.jpg,0,infiltrat,0.408628,predicted,0.5000,overlays/0093_train_cxr034_003_infiltrat_heatmap.jpg,masks/0093_train_cxr034_003_infiltrat_mask.png,lung segmentation/output_masks/train/CXR034_003.jpg,bboxes/0093_train_cxr034_003_infiltrat_bbox.jpg,3,"186,45,17,53","186,45,17,53|173,128,30,33|28,38,7,36",0 0.868304 0.319196 0.075893 0.236607|0 0.839286 0.645089 0.133929 0.147321|0 0.140625 0.250000 0.031250 0.160714
train,CXR035_001.jpg,1,pneumothorax,0.661100,predicted,0.5000,overlays/0094_train_cxr035_001_pneumothorax_heatmap.jpg,masks/0094_train_cxr035_001_pneumothorax_mask.png,lung segmentation/output_masks/train/CXR035_001.jpg,bboxes/0094_train_cxr035_001_pneumothorax_bbox.jpg,2,"147,53,63,133","147,53,63,133|45,80,64,74",1 0.796875 0.533482 0.281250 0.593750|1 0.343750 0.522321 0.285714 0.330357
train,CXR035_002.jpg,0,infiltrat,0.413050,predicted,0.5000,overlays/0095_train_cxr035_002_infiltrat_heatmap.jpg,masks/0095_train_cxr035_002_infiltrat_mask.png,lung segmentation/output_masks/train/CXR035_002.jpg,bboxes/0095_train_cxr035_002_infiltrat_bbox.jpg,1,"38,102,47,59","38,102,47,59",0 0.274554 0.587054 0.209821 0.263393
train,CXR035_003.jpg,0,infiltrat,0.391242,predicted,0.5000,overlays/0096_train_cxr035_003_infiltrat_heatmap.jpg,masks/0096_train_cxr035_003_infiltrat_mask.png,lung segmentation/output_masks/train/CXR035_003.jpg,bboxes/0096_train_cxr035_003_infiltrat_bbox.jpg,1,"38,100,53,75","38,100,53,75",0 0.287946 0.613839 0.236607 0.334821
train,CXR037_001.jpg,0,infiltrat,0.786170,predicted,0.5000,overlays/0097_train_cxr037_001_infiltrat_heatmap.jpg,masks/0097_train_cxr037_001_infiltrat_mask.png,lung segmentation/output_masks/train/CXR037_001.jpg,bboxes/0097_train_cxr037_001_infiltrat_bbox.jpg,1,"137,45,63,95","137,45,63,95",0 0.752232 0.412946 0.281250 0.424107
train,CXR037_002.jpg,0,infiltrat,0.687885,predicted,0.5000,overlays/0098_train_cxr037_002_infiltrat_heatmap.jpg,masks/0098_train_cxr037_002_infiltrat_mask.png,lung segmentation/output_masks/train/CXR037_002.jpg,bboxes/0098_train_cxr037_002_infiltrat_bbox.jpg,1,"133,28,67,96","133,28,67,96",0 0.743304 0.339286 0.299107 0.428571
train,CXR037_003.jpg,0,infiltrat,0.642665,predicted,0.5000,overlays/0099_train_cxr037_003_infiltrat_heatmap.jpg,masks/0099_train_cxr037_003_infiltrat_mask.png,lung segmentation/output_masks/train/CXR037_003.jpg,bboxes/0099_train_cxr037_003_infiltrat_bbox.jpg,2,"119,38,63,66","119,38,63,66|94,43,8,30",0 0.671875 0.316964 0.281250 0.294643|0 0.437500 0.258929 0.035714 0.133929
train,CXR038_001.jpg,1,pneumothorax,0.938443,predicted,0.5000,overlays/0100_train_cxr038_001_pneumothorax_heatmap.jpg,masks/0100_train_cxr038_001_pneumothorax_mask.png,lung segmentation/output_masks/train/CXR038_001.jpg,bboxes/0100_train_cxr038_001_pneumothorax_bbox.jpg,2,"133,59,49,84","133,59,49,84|45,62,53,84",1 0.703125 0.450893 0.218750 0.375000|1 0.319196 0.464286 0.236607 0.375000
train,CXR038_002.jpg,1,pneumothorax,0.908868,predicted,0.5000,overlays/0101_train_cxr038_002_pneumothorax_heatmap.jpg,masks/0101_train_cxr038_002_pneumothorax_mask.png,lung segmentation/output_masks/train/CXR038_002.jpg,bboxes/0101_train_cxr038_002_pneumothorax_bbox.jpg,2,"42,44,63,89","42,44,63,89|130,41,63,82",1 0.328125 0.395089 0.281250 0.397321|1 0.720982 0.366071 0.281250 0.366071
train,CXR038_002.jpg,2,efusi pleura,0.605062,predicted,0.5000,overlays/0101_train_cxr038_002_efusi_pleura_heatmap.jpg,masks/0101_train_cxr038_002_efusi_pleura_mask.png,lung segmentation/output_masks/train/CXR038_002.jpg,bboxes/0101_train_cxr038_002_efusi_pleura_bbox.jpg,1,"42,85,60,48","42,85,60,48",2 0.321429 0.486607 0.267857 0.214286
train,CXR038_002.jpg,3,atelektasis,0.522931,predicted,0.5000,overlays/0101_train_cxr038_002_atelektasis_heatmap.jpg,masks/0101_train_cxr038_002_atelektasis_mask.png,lung segmentation/output_masks/train/CXR038_002.jpg,bboxes/0101_train_cxr038_002_atelektasis_bbox.jpg,1,"130,25,59,69","130,25,59,69",3 0.712054 0.265625 0.263393 0.308036
train,CXR038_003.jpg,1,pneumothorax,0.742462,predicted,0.5000,overlays/0102_train_cxr038_003_pneumothorax_heatmap.jpg,masks/0102_train_cxr038_003_pneumothorax_mask.png,lung segmentation/output_masks/train/CXR038_003.jpg,bboxes/0102_train_cxr038_003_pneumothorax_bbox.jpg,2,"43,34,66,96","43,34,66,96|130,36,57,87",1 0.339286 0.366071 0.294643 0.428571|1 0.707589 0.354911 0.254464 0.388393
train,CXR038_003.jpg,2,efusi pleura,0.632945,predicted,0.5000,overlays/0102_train_cxr038_003_efusi_pleura_heatmap.jpg,masks/0102_train_cxr038_003_efusi_pleura_mask.png,lung segmentation/output_masks/train/CXR038_003.jpg,bboxes/0102_train_cxr038_003_efusi_pleura_bbox.jpg,1,"42,93,63,37","42,93,63,37",2 0.328125 0.497768 0.281250 0.165179
train,CXR040_002.jpg,1,pneumothorax,0.574106,predicted,0.5000,overlays/0103_train_cxr040_002_pneumothorax_heatmap.jpg,masks/0103_train_cxr040_002_pneumothorax_mask.png,lung segmentation/output_masks/train/CXR040_002.jpg,bboxes/0103_train_cxr040_002_pneumothorax_bbox.jpg,1,"38,69,71,98","38,69,71,98",1 0.328125 0.526786 0.316964 0.437500
train,CXR040_003.jpg,0,infiltrat,0.512468,predicted,0.5000,overlays/0104_train_cxr040_003_infiltrat_heatmap.jpg,masks/0104_train_cxr040_003_infiltrat_mask.png,lung segmentation/output_masks/train/CXR040_003.jpg,bboxes/0104_train_cxr040_003_infiltrat_bbox.jpg,2,"126,25,59,51","126,25,59,51|25,115,35,46",0 0.694196 0.225446 0.263393 0.227679|0 0.189732 0.616071 0.156250 0.205357
train,CXR040_003.jpg,1,pneumothorax,0.504016,predicted,0.5000,overlays/0104_train_cxr040_003_pneumothorax_heatmap.jpg,masks/0104_train_cxr040_003_pneumothorax_mask.png,lung segmentation/output_masks/train/CXR040_003.jpg,bboxes/0104_train_cxr040_003_pneumothorax_bbox.jpg,3,"25,25,77,133","25,25,77,133|151,99,35,66|126,25,18,23",1 0.283482 0.408482 0.343750 0.593750|1 0.752232 0.589286 0.156250 0.294643|1 0.602679 0.162946 0.080357 0.102679
train,CXR041_001.jpg,0,infiltrat,0.586493,predicted,0.5000,overlays/0105_train_cxr041_001_infiltrat_heatmap.jpg,masks/0105_train_cxr041_001_infiltrat_mask.png,lung segmentation/output_masks/train/CXR041_001.jpg,bboxes/0105_train_cxr041_001_infiltrat_bbox.jpg,1,"140,41,60,65","140,41,60,65",0 0.758929 0.328125 0.267857 0.290179
train,CXR041_001.jpg,1,pneumothorax,0.657368,predicted,0.5000,overlays/0105_train_cxr041_001_pneumothorax_heatmap.jpg,masks/0105_train_cxr041_001_pneumothorax_mask.png,lung segmentation/output_masks/train/CXR041_001.jpg,bboxes/0105_train_cxr041_001_pneumothorax_bbox.jpg,1,"140,79,63,96","140,79,63,96",1 0.765625 0.566964 0.281250 0.428571
train,CXR041_002.jpg,1,pneumothorax,0.602192,predicted,0.5000,overlays/0106_train_cxr041_002_pneumothorax_heatmap.jpg,masks/0106_train_cxr041_002_pneumothorax_mask.png,lung segmentation/output_masks/train/CXR041_002.jpg,bboxes/0106_train_cxr041_002_pneumothorax_bbox.jpg,1,"144,81,63,73","144,81,63,73",1 0.783482 0.524554 0.281250 0.325893
train,CXR041_003.jpg,1,pneumothorax,0.619009,predicted,0.5000,overlays/0107_train_cxr041_003_pneumothorax_heatmap.jpg,masks/0107_train_cxr041_003_pneumothorax_mask.png,lung segmentation/output_masks/train/CXR041_003.jpg,bboxes/0107_train_cxr041_003_pneumothorax_bbox.jpg,1,"145,90,58,68","145,90,58,68",1 0.776786 0.553571 0.258929 0.303571
train,CXR042_002.jpg,1,pneumothorax,0.637308,predicted,0.5000,overlays/0108_train_cxr042_002_pneumothorax_heatmap.jpg,masks/0108_train_cxr042_002_pneumothorax_mask.png,lung segmentation/output_masks/train/CXR042_002.jpg,bboxes/0108_train_cxr042_002_pneumothorax_bbox.jpg,1,"151,89,56,65","151,89,56,65",1 0.799107 0.542411 0.250000 0.290179
train,CXR042_002.jpg,2,efusi pleura,0.678091,predicted,0.5000,overlays/0108_train_cxr042_002_efusi_pleura_heatmap.jpg,masks/0108_train_cxr042_002_efusi_pleura_mask.png,lung segmentation/output_masks/train/CXR042_002.jpg,bboxes/0108_train_cxr042_002_efusi_pleura_bbox.jpg,1,"147,93,60,61","147,93,60,61",2 0.790179 0.551339 0.267857 0.272321
train,CXR042_003.jpg,1,pneumothorax,0.838714,predicted,0.5000,overlays/0109_train_cxr042_003_pneumothorax_heatmap.jpg,masks/0109_train_cxr042_003_pneumothorax_mask.png,lung segmentation/output_masks/train/CXR042_003.jpg,bboxes/0109_train_cxr042_003_pneumothorax_bbox.jpg,1,"149,95,54,80","149,95,54,80",1 0.785714 0.602679 0.241071 0.357143
train,CXR043_001.jpg,0,infiltrat,0.531943,predicted,0.5000,overlays/0110_train_cxr043_001_infiltrat_heatmap.jpg,masks/0110_train_cxr043_001_infiltrat_mask.png,lung segmentation/output_masks/train/CXR043_001.jpg,bboxes/0110_train_cxr043_001_infiltrat_bbox.jpg,1,"173,45,38,83","173,45,38,83",0 0.857143 0.386161 0.169643 0.370536
train,CXR043_001.jpg,1,pneumothorax,0.845708,predicted,0.5000,overlays/0110_train_cxr043_001_pneumothorax_heatmap.jpg,masks/0110_train_cxr043_001_pneumothorax_mask.png,lung segmentation/output_masks/train/CXR043_001.jpg,bboxes/0110_train_cxr043_001_pneumothorax_bbox.jpg,1,"165,55,49,82","165,55,49,82",1 0.845982 0.428571 0.218750 0.366071
train,CXR043_001.jpg,2,efusi pleura,0.550744,predicted,0.5000,overlays/0110_train_cxr043_001_efusi_pleura_heatmap.jpg,masks/0110_train_cxr043_001_efusi_pleura_mask.png,lung segmentation/output_masks/train/CXR043_001.jpg,bboxes/0110_train_cxr043_001_efusi_pleura_bbox.jpg,2,"91,88,32,52","91,88,32,52|178,103,24,30",2 0.477679 0.508929 0.142857 0.232143|2 0.848214 0.526786 0.107143 0.133929
train,CXR043_001.jpg,3,atelektasis,0.567515,predicted,0.5000,overlays/0110_train_cxr043_001_atelektasis_heatmap.jpg,masks/0110_train_cxr043_001_atelektasis_mask.png,lung segmentation/output_masks/train/CXR043_001.jpg,bboxes/0110_train_cxr043_001_atelektasis_bbox.jpg,1,"161,47,53,90","161,47,53,90",3 0.837054 0.410714 0.236607 0.401786
train,CXR043_002.jpg,0,infiltrat,0.649291,predicted,0.5000,overlays/0111_train_cxr043_002_infiltrat_heatmap.jpg,masks/0111_train_cxr043_002_infiltrat_mask.png,lung segmentation/output_masks/train/CXR043_002.jpg,bboxes/0111_train_cxr043_002_infiltrat_bbox.jpg,1,"146,73,22,67","146,73,22,67",0 0.700893 0.475446 0.098214 0.299107
train,CXR043_002.jpg,1,pneumothorax,0.857841,predicted,0.5000,overlays/0111_train_cxr043_002_pneumothorax_heatmap.jpg,masks/0111_train_cxr043_002_pneumothorax_mask.png,lung segmentation/output_masks/train/CXR043_002.jpg,bboxes/0111_train_cxr043_002_pneumothorax_bbox.jpg,1,"133,68,35,72","133,68,35,72",1 0.671875 0.464286 0.156250 0.321429
train,CXR043_002.jpg,3,atelektasis,0.814979,predicted,0.5000,overlays/0111_train_cxr043_002_atelektasis_heatmap.jpg,masks/0111_train_cxr043_002_atelektasis_mask.png,lung segmentation/output_masks/train/CXR043_002.jpg,bboxes/0111_train_cxr043_002_atelektasis_bbox.jpg,2,"62,67,40,66","62,67,40,66|133,66,35,74",3 0.366071 0.446429 0.178571 0.294643|3 0.671875 0.459821 0.156250 0.330357
train,CXR043_003.jpg,0,infiltrat,0.581390,predicted,0.5000,overlays/0112_train_cxr043_003_infiltrat_heatmap.jpg,masks/0112_train_cxr043_003_infiltrat_mask.png,lung segmentation/output_masks/train/CXR043_003.jpg,bboxes/0112_train_cxr043_003_infiltrat_bbox.jpg,1,"140,33,45,45","140,33,45,45",0 0.725446 0.247768 0.200893 0.200893
train,CXR043_003.jpg,1,pneumothorax,0.714993,predicted,0.5000,overlays/0112_train_cxr043_003_pneumothorax_heatmap.jpg,masks/0112_train_cxr043_003_pneumothorax_mask.png,lung segmentation/output_masks/train/CXR043_003.jpg,bboxes/0112_train_cxr043_003_pneumothorax_bbox.jpg,1,"144,63,49,56","144,63,49,56",1 0.752232 0.406250 0.218750 0.250000
train,CXR043_003.jpg,3,atelektasis,0.556385,predicted,0.5000,overlays/0112_train_cxr043_003_atelektasis_heatmap.jpg,masks/0112_train_cxr043_003_atelektasis_mask.png,lung segmentation/output_masks/train/CXR043_003.jpg,bboxes/0112_train_cxr043_003_atelektasis_bbox.jpg,1,"137,31,52,85","137,31,52,85",3 0.727679 0.328125 0.232143 0.379464
train,CXR044_003.jpg,2,efusi pleura,0.311568,predicted,0.5000,overlays/0113_train_cxr044_003_efusi_pleura_heatmap.jpg,masks/0113_train_cxr044_003_efusi_pleura_mask.png,lung segmentation/output_masks/train/CXR044_003.jpg,bboxes/0113_train_cxr044_003_efusi_pleura_bbox.jpg,1,"83,91,15,18","83,91,15,18",2 0.404018 0.446429 0.066964 0.080357
train,CXR045_001.jpg,0,infiltrat,0.710643,predicted,0.5000,overlays/0114_train_cxr045_001_infiltrat_heatmap.jpg,masks/0114_train_cxr045_001_infiltrat_mask.png,lung segmentation/output_masks/train/CXR045_001.jpg,bboxes/0114_train_cxr045_001_infiltrat_bbox.jpg,1,"130,52,63,93","130,52,63,93",0 0.720982 0.439732 0.281250 0.415179
train,CXR045_002.jpg,0,infiltrat,0.665741,predicted,0.5000,overlays/0115_train_cxr045_002_infiltrat_heatmap.jpg,masks/0115_train_cxr045_002_infiltrat_mask.png,lung segmentation/output_masks/train/CXR045_002.jpg,bboxes/0115_train_cxr045_002_infiltrat_bbox.jpg,1,"133,15,67,98","133,15,67,98",0 0.743304 0.285714 0.299107 0.437500
train,CXR045_003.jpg,0,infiltrat,0.685107,predicted,0.5000,overlays/0116_train_cxr045_003_infiltrat_heatmap.jpg,masks/0116_train_cxr045_003_infiltrat_mask.png,lung segmentation/output_masks/train/CXR045_003.jpg,bboxes/0116_train_cxr045_003_infiltrat_bbox.jpg,1,"141,42,73,95","141,42,73,95",0 0.792411 0.399554 0.325893 0.424107
train,CXR046_001.jpg,0,infiltrat,0.735840,predicted,0.5000,overlays/0117_train_cxr046_001_infiltrat_heatmap.jpg,masks/0117_train_cxr046_001_infiltrat_mask.png,lung segmentation/output_masks/train/CXR046_001.jpg,bboxes/0117_train_cxr046_001_infiltrat_bbox.jpg,2,"140,35,53,82","140,35,53,82|45,131,37,28",0 0.743304 0.339286 0.236607 0.366071|0 0.283482 0.647321 0.165179 0.125000
train,CXR046_001.jpg,1,pneumothorax,0.713722,predicted,0.5000,overlays/0117_train_cxr046_001_pneumothorax_heatmap.jpg,masks/0117_train_cxr046_001_pneumothorax_mask.png,lung segmentation/output_masks/train/CXR046_001.jpg,bboxes/0117_train_cxr046_001_pneumothorax_bbox.jpg,1,"151,75,42,90","151,75,42,90",1 0.767857 0.535714 0.187500 0.401786
train,CXR046_002.jpg,1,pneumothorax,0.879409,predicted,0.5000,overlays/0118_train_cxr046_002_pneumothorax_heatmap.jpg,masks/0118_train_cxr046_002_pneumothorax_mask.png,lung segmentation/output_masks/train/CXR046_002.jpg,bboxes/0118_train_cxr046_002_pneumothorax_bbox.jpg,1,"144,77,42,88","144,77,42,88",1 0.736607 0.540179 0.187500 0.392857
train,CXR046_003.jpg,1,pneumothorax,0.811888,predicted,0.5000,overlays/0119_train_cxr046_003_pneumothorax_heatmap.jpg,masks/0119_train_cxr046_003_pneumothorax_mask.png,lung segmentation/output_masks/train/CXR046_003.jpg,bboxes/0119_train_cxr046_003_pneumothorax_bbox.jpg,1,"144,64,42,87","144,64,42,87",1 0.736607 0.479911 0.187500 0.388393
train,CXR047_001.jpg,0,infiltrat,0.570819,predicted,0.5000,overlays/0120_train_cxr047_001_infiltrat_heatmap.jpg,masks/0120_train_cxr047_001_infiltrat_mask.png,lung segmentation/output_masks/train/CXR047_001.jpg,bboxes/0120_train_cxr047_001_infiltrat_bbox.jpg,1,"42,18,56,92","42,18,56,92",0 0.312500 0.285714 0.250000 0.410714
train,CXR047_001.jpg,2,efusi pleura,0.626873,predicted,0.5000,overlays/0120_train_cxr047_001_efusi_pleura_heatmap.jpg,masks/0120_train_cxr047_001_efusi_pleura_mask.png,lung segmentation/output_masks/train/CXR047_001.jpg,bboxes/0120_train_cxr047_001_efusi_pleura_bbox.jpg,1,"42,99,53,62","42,99,53,62",2 0.305804 0.580357 0.236607 0.276786
train,CXR047_002.jpg,0,infiltrat,0.544566,predicted,0.5000,overlays/0121_train_cxr047_002_infiltrat_heatmap.jpg,masks/0121_train_cxr047_002_infiltrat_mask.png,lung segmentation/output_masks/train/CXR047_002.jpg,bboxes/0121_train_cxr047_002_infiltrat_bbox.jpg,1,"42,25,56,72","42,25,56,72",0 0.312500 0.272321 0.250000 0.321429
train,CXR047_002.jpg,2,efusi pleura,0.598264,predicted,0.5000,overlays/0121_train_cxr047_002_efusi_pleura_heatmap.jpg,masks/0121_train_cxr047_002_efusi_pleura_mask.png,lung segmentation/output_masks/train/CXR047_002.jpg,bboxes/0121_train_cxr047_002_efusi_pleura_bbox.jpg,1,"42,118,53,54","42,118,53,54",2 0.305804 0.647321 0.236607 0.241071
train,CXR047_003.jpg,0,infiltrat,0.637496,predicted,0.5000,overlays/0122_train_cxr047_003_infiltrat_heatmap.jpg,masks/0122_train_cxr047_003_infiltrat_mask.png,lung segmentation/output_masks/train/CXR047_003.jpg,bboxes/0122_train_cxr047_003_infiltrat_bbox.jpg,1,"35,45,56,81","35,45,56,81",0 0.281250 0.381696 0.250000 0.361607
train,CXR047_003.jpg,2,efusi pleura,0.614425,predicted,0.5000,overlays/0122_train_cxr047_003_efusi_pleura_heatmap.jpg,masks/0122_train_cxr047_003_efusi_pleura_mask.png,lung segmentation/output_masks/train/CXR047_003.jpg,bboxes/0122_train_cxr047_003_efusi_pleura_bbox.jpg,1,"136,65,50,68","136,65,50,68",2 0.718750 0.441964 0.223214 0.303571
train,CXR048_001.jpg,0,infiltrat,0.771531,predicted,0.5000,overlays/0123_train_cxr048_001_infiltrat_heatmap.jpg,masks/0123_train_cxr048_001_infiltrat_mask.png,lung segmentation/output_masks/train/CXR048_001.jpg,bboxes/0123_train_cxr048_001_infiltrat_bbox.jpg,2,"126,70,67,67","126,70,67,67|14,100,63,75",0 0.712054 0.462054 0.299107 0.299107|0 0.203125 0.613839 0.281250 0.334821
train,CXR048_002.jpg,0,infiltrat,0.297713,predicted,0.5000,overlays/0124_train_cxr048_002_infiltrat_heatmap.jpg,masks/0124_train_cxr048_002_infiltrat_mask.png,lung segmentation/output_masks/train/CXR048_002.jpg,bboxes/0124_train_cxr048_002_infiltrat_bbox.jpg,2,"21,147,21,28","21,147,21,28|190,57,6,35",0 0.140625 0.718750 0.093750 0.125000|0 0.861607 0.332589 0.026786 0.156250
train,CXR048_003.jpg,0,infiltrat,0.285452,predicted,0.5000,overlays/0125_train_cxr048_003_infiltrat_heatmap.jpg,masks/0125_train_cxr048_003_infiltrat_mask.png,lung segmentation/output_masks/train/CXR048_003.jpg,bboxes/0125_train_cxr048_003_infiltrat_bbox.jpg,1,"21,156,28,30","21,156,28,30",0 0.156250 0.763393 0.125000 0.133929
train,CXR049_001.jpg,0,infiltrat,0.638135,predicted,0.5000,overlays/0126_train_cxr049_001_infiltrat_heatmap.jpg,masks/0126_train_cxr049_001_infiltrat_mask.png,lung segmentation/output_masks/train/CXR049_001.jpg,bboxes/0126_train_cxr049_001_infiltrat_bbox.jpg,1,"136,36,64,96","136,36,64,96",0 0.750000 0.375000 0.285714 0.428571
train,CXR049_001.jpg,1,pneumothorax,0.682574,predicted,0.5000,overlays/0126_train_cxr049_001_pneumothorax_heatmap.jpg,masks/0126_train_cxr049_001_pneumothorax_mask.png,lung segmentation/output_masks/train/CXR049_001.jpg,bboxes/0126_train_cxr049_001_pneumothorax_bbox.jpg,2,"38,85,51,55","38,85,51,55|175,110,25,37",1 0.283482 0.502232 0.227679 0.245536|1 0.837054 0.573661 0.111607 0.165179
train,CXR049_002.jpg,0,infiltrat,0.589789,predicted,0.5000,overlays/0127_train_cxr049_002_infiltrat_heatmap.jpg,masks/0127_train_cxr049_002_infiltrat_mask.png,lung segmentation/output_masks/train/CXR049_002.jpg,bboxes/0127_train_cxr049_002_infiltrat_bbox.jpg,2,"132,31,57,65","132,31,57,65|60,108,24,8",0 0.716518 0.283482 0.254464 0.290179|0 0.321429 0.500000 0.107143 0.035714
train,CXR049_002.jpg,1,pneumothorax,0.611569,predicted,0.5000,overlays/0127_train_cxr049_002_pneumothorax_heatmap.jpg,masks/0127_train_cxr049_002_pneumothorax_mask.png,lung segmentation/output_masks/train/CXR049_002.jpg,bboxes/0127_train_cxr049_002_pneumothorax_bbox.jpg,1,"35,62,63,75","35,62,63,75",1 0.296875 0.444196 0.281250 0.334821
train,CXR049_003.jpg,0,infiltrat,0.803795,predicted,0.5000,overlays/0128_train_cxr049_003_infiltrat_heatmap.jpg,masks/0128_train_cxr049_003_infiltrat_mask.png,lung segmentation/output_masks/train/CXR049_003.jpg,bboxes/0128_train_cxr049_003_infiltrat_bbox.jpg,2,"28,54,70,77","28,54,70,77|142,45,40,42",0 0.281250 0.412946 0.312500 0.343750|0 0.723214 0.294643 0.178571 0.187500
train,CXR049_003.jpg,1,pneumothorax,0.701061,predicted,0.5000,overlays/0128_train_cxr049_003_pneumothorax_heatmap.jpg,masks/0128_train_cxr049_003_pneumothorax_mask.png,lung segmentation/output_masks/train/CXR049_003.jpg,bboxes/0128_train_cxr049_003_pneumothorax_bbox.jpg,1,"28,61,70,70","28,61,70,70",1 0.281250 0.428571 0.312500 0.312500
train,CXR050_001.jpg,0,infiltrat,0.502492,predicted,0.5000,overlays/0129_train_cxr050_001_infiltrat_heatmap.jpg,masks/0129_train_cxr050_001_infiltrat_mask.png,lung segmentation/output_masks/train/CXR050_001.jpg,bboxes/0129_train_cxr050_001_infiltrat_bbox.jpg,1,"163,39,26,92","163,39,26,92",0 0.785714 0.379464 0.116071 0.410714
train,CXR050_002.jpg,0,infiltrat,0.687160,predicted,0.5000,overlays/0130_train_cxr050_002_infiltrat_heatmap.jpg,masks/0130_train_cxr050_002_infiltrat_mask.png,lung segmentation/output_masks/train/CXR050_002.jpg,bboxes/0130_train_cxr050_002_infiltrat_bbox.jpg,1,"131,7,58,98","131,7,58,98",0 0.714286 0.250000 0.258929 0.437500
train,CXR050_002.jpg,3,atelektasis,0.670417,predicted,0.5000,overlays/0130_train_cxr050_002_atelektasis_heatmap.jpg,masks/0130_train_cxr050_002_atelektasis_mask.png,lung segmentation/output_masks/train/CXR050_002.jpg,bboxes/0130_train_cxr050_002_atelektasis_bbox.jpg,2,"140,43,49,80","140,43,49,80|96,36,16,67",3 0.734375 0.370536 0.218750 0.357143|3 0.464286 0.310268 0.071429 0.299107
train,CXR050_003.jpg,0,infiltrat,0.517362,predicted,0.5000,overlays/0131_train_cxr050_003_infiltrat_heatmap.jpg,masks/0131_train_cxr050_003_infiltrat_mask.png,lung segmentation/output_masks/train/CXR050_003.jpg,bboxes/0131_train_cxr050_003_infiltrat_bbox.jpg,1,"157,31,25,79","157,31,25,79",0 0.756696 0.314732 0.111607 0.352679
train,CXR051_002.jpg,0,infiltrat,0.870871,predicted,0.5000,overlays/0132_train_cxr051_002_infiltrat_heatmap.jpg,masks/0132_train_cxr051_002_infiltrat_mask.png,lung segmentation/output_masks/train/CXR051_002.jpg,bboxes/0132_train_cxr051_002_infiltrat_bbox.jpg,1,"137,14,73,90","137,14,73,90",0 0.774554 0.263393 0.325893 0.401786
train,CXR051_002.jpg,3,atelektasis,0.829758,predicted,0.5000,overlays/0132_train_cxr051_002_atelektasis_heatmap.jpg,masks/0132_train_cxr051_002_atelektasis_mask.png,lung segmentation/output_masks/train/CXR051_002.jpg,bboxes/0132_train_cxr051_002_atelektasis_bbox.jpg,1,"139,19,75,95","139,19,75,95",3 0.787946 0.296875 0.334821 0.424107
train,CXR051_003.jpg,0,infiltrat,0.881423,predicted,0.5000,overlays/0133_train_cxr051_003_infiltrat_heatmap.jpg,masks/0133_train_cxr051_003_infiltrat_mask.png,lung segmentation/output_masks/train/CXR051_003.jpg,bboxes/0133_train_cxr051_003_infiltrat_bbox.jpg,1,"119,14,75,92","119,14,75,92",0 0.698661 0.267857 0.334821 0.410714
train,CXR051_003.jpg,3,atelektasis,0.732346,predicted,0.5000,overlays/0133_train_cxr051_003_atelektasis_heatmap.jpg,masks/0133_train_cxr051_003_atelektasis_mask.png,lung segmentation/output_masks/train/CXR051_003.jpg,bboxes/0133_train_cxr051_003_atelektasis_bbox.jpg,1,"119,25,74,81","119,25,74,81",3 0.696429 0.292411 0.330357 0.361607
train,CXR052_002.jpg,0,infiltrat,0.590415,predicted,0.5000,overlays/0134_train_cxr052_002_infiltrat_heatmap.jpg,masks/0134_train_cxr052_002_infiltrat_mask.png,lung segmentation/output_masks/train/CXR052_002.jpg,bboxes/0134_train_cxr052_002_infiltrat_bbox.jpg,2,"28,81,55,55","28,81,55,55|38,41,42,32",0 0.247768 0.484375 0.245536 0.245536|0 0.263393 0.254464 0.187500 0.142857
train,CXR052_002.jpg,3,atelektasis,0.635410,predicted,0.5000,overlays/0134_train_cxr052_002_atelektasis_heatmap.jpg,masks/0134_train_cxr052_002_atelektasis_mask.png,lung segmentation/output_masks/train/CXR052_002.jpg,bboxes/0134_train_cxr052_002_atelektasis_bbox.jpg,3,"38,27,50,94","38,27,50,94|147,75,46,72|112,33,14,31",3 0.281250 0.330357 0.223214 0.419643|3 0.758929 0.495536 0.205357 0.321429|3 0.531250 0.216518 0.062500 0.138393
train,CXR052_003.jpg,0,infiltrat,0.630432,predicted,0.5000,overlays/0135_train_cxr052_003_infiltrat_heatmap.jpg,masks/0135_train_cxr052_003_infiltrat_mask.png,lung segmentation/output_masks/train/CXR052_003.jpg,bboxes/0135_train_cxr052_003_infiltrat_bbox.jpg,2,"42,85,55,78","42,85,55,78|171,132,32,43",0 0.310268 0.553571 0.245536 0.348214|0 0.834821 0.685268 0.142857 0.191964
train,CXR052_003.jpg,1,pneumothorax,0.652528,predicted,0.5000,overlays/0135_train_cxr052_003_pneumothorax_heatmap.jpg,masks/0135_train_cxr052_003_pneumothorax_mask.png,lung segmentation/output_masks/train/CXR052_003.jpg,bboxes/0135_train_cxr052_003_pneumothorax_bbox.jpg,1,"45,56,57,89","45,56,57,89",1 0.328125 0.448661 0.254464 0.397321
train,CXR052_003.jpg,3,atelektasis,0.620055,predicted,0.5000,overlays/0135_train_cxr052_003_atelektasis_heatmap.jpg,masks/0135_train_cxr052_003_atelektasis_mask.png,lung segmentation/output_masks/train/CXR052_003.jpg,bboxes/0135_train_cxr052_003_atelektasis_bbox.jpg,2,"51,56,51,77","51,56,51,77|126,46,18,47",3 0.341518 0.421875 0.227679 0.343750|3 0.602679 0.310268 0.080357 0.209821
train,CXR004_003.jpg,0,infiltrat,0.649106,predicted,0.5000,overlays/0136_train_cxr004_003_infiltrat_heatmap.jpg,masks/0136_train_cxr004_003_infiltrat_mask.png,lung segmentation/output_masks/train/CXR004_003.jpg,bboxes/0136_train_cxr004_003_infiltrat_bbox.jpg,1,"18,67,84,77","18,67,84,77",0 0.267857 0.470982 0.375000 0.343750
train,CXR004_003.jpg,1,pneumothorax,0.683406,predicted,0.5000,overlays/0136_train_cxr004_003_pneumothorax_heatmap.jpg,masks/0136_train_cxr004_003_pneumothorax_mask.png,lung segmentation/output_masks/train/CXR004_003.jpg,bboxes/0136_train_cxr004_003_pneumothorax_bbox.jpg,1,"18,52,74,92","18,52,74,92",1 0.245536 0.437500 0.330357 0.410714
train,CXR004_003.jpg,2,efusi pleura,0.799534,predicted,0.5000,overlays/0136_train_cxr004_003_efusi_pleura_heatmap.jpg,masks/0136_train_cxr004_003_efusi_pleura_mask.png,lung segmentation/output_masks/train/CXR004_003.jpg,bboxes/0136_train_cxr004_003_efusi_pleura_bbox.jpg,1,"34,77,64,56","34,77,64,56",2 0.294643 0.468750 0.285714 0.250000
train,CXR004_003.jpg,3,atelektasis,0.618742,predicted,0.5000,overlays/0136_train_cxr004_003_atelektasis_heatmap.jpg,masks/0136_train_cxr004_003_atelektasis_mask.png,lung segmentation/output_masks/train/CXR004_003.jpg,bboxes/0136_train_cxr004_003_atelektasis_bbox.jpg,1,"21,52,78,85","21,52,78,85",3 0.267857 0.421875 0.348214 0.379464
train,CXR006_003.jpg,0,infiltrat,0.165243,predicted,0.5000,overlays/0137_train_cxr006_003_infiltrat_heatmap.jpg,masks/0137_train_cxr006_003_infiltrat_mask.png,lung segmentation/output_masks/train/CXR006_003.jpg,bboxes/0137_train_cxr006_003_infiltrat_bbox.jpg,1,"25,148,13,13","25,148,13,13",0 0.140625 0.689732 0.058036 0.058036
train,CXR008_002.jpg,0,infiltrat,0.214924,predicted,0.5000,overlays/0138_train_cxr008_002_infiltrat_heatmap.jpg,masks/0138_train_cxr008_002_infiltrat_mask.png,lung segmentation/output_masks/train/CXR008_002.jpg,bboxes/0138_train_cxr008_002_infiltrat_bbox.jpg,2,"38,120,53,34","38,120,53,34|154,18,26,21",0 0.287946 0.611607 0.236607 0.151786|0 0.745536 0.127232 0.116071 0.093750
train,CXR008_003.jpg,0,infiltrat,0.131720,predicted,0.5000,overlays/0139_train_cxr008_003_infiltrat_heatmap.jpg,masks/0139_train_cxr008_003_infiltrat_mask.png,lung segmentation/output_masks/train/CXR008_003.jpg,bboxes/0139_train_cxr008_003_infiltrat_bbox.jpg,1,"38,121,45,30","38,121,45,30",0 0.270089 0.607143 0.200893 0.133929
train,CXR009_004.jpg,0,infiltrat,0.522310,predicted,0.5000,overlays/0140_train_cxr009_004_infiltrat_heatmap.jpg,masks/0140_train_cxr009_004_infiltrat_mask.png,lung segmentation/output_masks/train/CXR009_004.jpg,bboxes/0140_train_cxr009_004_infiltrat_bbox.jpg,1,"147,35,32,114","147,35,32,114",0 0.727679 0.410714 0.142857 0.508929
train,CXR011_001.jpg,3,atelektasis,0.558259,predicted,0.5000,overlays/0141_train_cxr011_001_atelektasis_heatmap.jpg,masks/0141_train_cxr011_001_atelektasis_mask.png,lung segmentation/output_masks/train/CXR011_001.jpg,bboxes/0141_train_cxr011_001_atelektasis_bbox.jpg,1,"137,56,52,74","137,56,52,74",3 0.727679 0.415179 0.232143 0.330357
train,CXR011_003.jpg,0,infiltrat,0.387681,predicted,0.5000,overlays/0142_train_cxr011_003_infiltrat_heatmap.jpg,masks/0142_train_cxr011_003_infiltrat_mask.png,lung segmentation/output_masks/train/CXR011_003.jpg,bboxes/0142_train_cxr011_003_infiltrat_bbox.jpg,2,"117,11,55,27","117,11,55,27|31,95,8,14",0 0.645089 0.109375 0.245536 0.120536|0 0.156250 0.455357 0.035714 0.062500
train,CXR016_001.jpg,3,atelektasis,0.499499,predicted,0.5000,overlays/0143_train_cxr016_001_atelektasis_heatmap.jpg,masks/0143_train_cxr016_001_atelektasis_mask.png,lung segmentation/output_masks/train/CXR016_001.jpg,bboxes/0143_train_cxr016_001_atelektasis_bbox.jpg,1,"126,100,50,56","126,100,50,56",3 0.674107 0.571429 0.223214 0.250000
train,CXR017_001.jpg,0,infiltrat,0.420716,predicted,0.5000,overlays/0144_train_cxr017_001_infiltrat_heatmap.jpg,masks/0144_train_cxr017_001_infiltrat_mask.png,lung segmentation/output_masks/train/CXR017_001.jpg,bboxes/0144_train_cxr017_001_infiltrat_bbox.jpg,1,"168,49,24,18","168,49,24,18",0 0.803571 0.258929 0.107143 0.080357
train,CXR023_001.jpg,1,pneumothorax,0.647015,predicted,0.5000,overlays/0145_train_cxr023_001_pneumothorax_heatmap.jpg,masks/0145_train_cxr023_001_pneumothorax_mask.png,lung segmentation/output_masks/train/CXR023_001.jpg,bboxes/0145_train_cxr023_001_pneumothorax_bbox.jpg,1,"32,89,73,69","32,89,73,69",1 0.305804 0.551339 0.325893 0.308036
train,CXR023_001.jpg,3,atelektasis,0.651891,predicted,0.5000,overlays/0145_train_cxr023_001_atelektasis_heatmap.jpg,masks/0145_train_cxr023_001_atelektasis_mask.png,lung segmentation/output_masks/train/CXR023_001.jpg,bboxes/0145_train_cxr023_001_atelektasis_bbox.jpg,1,"34,99,68,59","34,99,68,59",3 0.303571 0.573661 0.303571 0.263393
train,CXR023_002.jpg,3,atelektasis,0.124674,predicted,0.5000,overlays/0146_train_cxr023_002_atelektasis_heatmap.jpg,masks/0146_train_cxr023_002_atelektasis_mask.png,lung segmentation/output_masks/train/CXR023_002.jpg,bboxes/0146_train_cxr023_002_atelektasis_bbox.jpg,1,"14,122,37,25","14,122,37,25",3 0.145089 0.600446 0.165179 0.111607
train,CXR023_003.jpg,0,infiltrat,0.159808,predicted,0.5000,overlays/0147_train_cxr023_003_infiltrat_heatmap.jpg,masks/0147_train_cxr023_003_infiltrat_mask.png,lung segmentation/output_masks/train/CXR023_003.jpg,bboxes/0147_train_cxr023_003_infiltrat_bbox.jpg,1,"203,156,11,8","203,156,11,8",0 0.930804 0.714286 0.049107 0.035714
train,CXR028_002.jpg,1,pneumothorax,0.749804,predicted,0.5000,overlays/0148_train_cxr028_002_pneumothorax_heatmap.jpg,masks/0148_train_cxr028_002_pneumothorax_mask.png,lung segmentation/output_masks/train/CXR028_002.jpg,bboxes/0148_train_cxr028_002_pneumothorax_bbox.jpg,1,"30,25,75,117","30,25,75,117",1 0.301339 0.372768 0.334821 0.522321
train,CXR028_003.jpg,1,pneumothorax,0.778679,predicted,0.5000,overlays/0149_train_cxr028_003_pneumothorax_heatmap.jpg,masks/0149_train_cxr028_003_pneumothorax_mask.png,lung segmentation/output_masks/train/CXR028_003.jpg,bboxes/0149_train_cxr028_003_pneumothorax_bbox.jpg,2,"35,25,77,112","35,25,77,112|130,31,8,41",1 0.328125 0.361607 0.343750 0.500000|1 0.598214 0.229911 0.035714 0.183036
train,CXR036_001.jpg,0,infiltrat,0.699693,predicted,0.5000,overlays/0150_train_cxr036_001_infiltrat_heatmap.jpg,masks/0150_train_cxr036_001_infiltrat_mask.png,lung segmentation/output_masks/train/CXR036_001.jpg,bboxes/0150_train_cxr036_001_infiltrat_bbox.jpg,1,"42,71,67,87","42,71,67,87",0 0.337054 0.511161 0.299107 0.388393
train,CXR036_001.jpg,2,efusi pleura,0.603766,predicted,0.5000,overlays/0150_train_cxr036_001_efusi_pleura_heatmap.jpg,masks/0150_train_cxr036_001_efusi_pleura_mask.png,lung segmentation/output_masks/train/CXR036_001.jpg,bboxes/0150_train_cxr036_001_efusi_pleura_bbox.jpg,1,"89,97,20,43","89,97,20,43",2 0.441964 0.529018 0.089286 0.191964
train,CXR036_002.jpg,0,infiltrat,0.569580,predicted,0.5000,overlays/0151_train_cxr036_002_infiltrat_heatmap.jpg,masks/0151_train_cxr036_002_infiltrat_mask.png,lung segmentation/output_masks/train/CXR036_002.jpg,bboxes/0151_train_cxr036_002_infiltrat_bbox.jpg,1,"38,80,60,48","38,80,60,48",0 0.303571 0.464286 0.267857 0.214286
train,CXR036_002.jpg,2,efusi pleura,0.655631,predicted,0.5000,overlays/0151_train_cxr036_002_efusi_pleura_heatmap.jpg,masks/0151_train_cxr036_002_efusi_pleura_mask.png,lung segmentation/output_masks/train/CXR036_002.jpg,bboxes/0151_train_cxr036_002_efusi_pleura_bbox.jpg,1,"72,55,40,64","72,55,40,64",2 0.410714 0.388393 0.178571 0.285714
train,CXR036_002.jpg,3,atelektasis,0.630095,predicted,0.5000,overlays/0151_train_cxr036_002_atelektasis_heatmap.jpg,masks/0151_train_cxr036_002_atelektasis_mask.png,lung segmentation/output_masks/train/CXR036_002.jpg,bboxes/0151_train_cxr036_002_atelektasis_bbox.jpg,1,"40,23,72,100","40,23,72,100",3 0.339286 0.325893 0.321429 0.446429
train,CXR039_001.jpg,1,pneumothorax,0.866675,predicted,0.5000,overlays/0152_train_cxr039_001_pneumothorax_heatmap.jpg,masks/0152_train_cxr039_001_pneumothorax_mask.png,lung segmentation/output_masks/train/CXR039_001.jpg,bboxes/0152_train_cxr039_001_pneumothorax_bbox.jpg,2,"35,69,64,87","35,69,64,87|130,81,59,71",1 0.299107 0.502232 0.285714 0.388393|1 0.712054 0.520089 0.263393 0.316964
train,CXR039_002.jpg,2,efusi pleura,0.229936,predicted,0.5000,overlays/0153_train_cxr039_002_efusi_pleura_heatmap.jpg,masks/0153_train_cxr039_002_efusi_pleura_mask.png,lung segmentation/output_masks/train/CXR039_002.jpg,bboxes/0153_train_cxr039_002_efusi_pleura_bbox.jpg,2,"63,131,21,20","63,131,21,20|28,163,7,9",2 0.328125 0.629464 0.093750 0.089286|2 0.140625 0.747768 0.031250 0.040179
train,CXR039_003.jpg,3,atelektasis,0.138935,predicted,0.5000,overlays/0154_train_cxr039_003_atelektasis_heatmap.jpg,masks/0154_train_cxr039_003_atelektasis_mask.png,lung segmentation/output_masks/train/CXR039_003.jpg,bboxes/0154_train_cxr039_003_atelektasis_bbox.jpg,1,"54,117,41,16","54,117,41,16",3 0.332589 0.558036 0.183036 0.071429
train,CXR040_001.jpg,0,infiltrat,0.663384,predicted,0.5000,overlays/0155_train_cxr040_001_infiltrat_heatmap.jpg,masks/0155_train_cxr040_001_infiltrat_mask.png,lung segmentation/output_masks/train/CXR040_001.jpg,bboxes/0155_train_cxr040_001_infiltrat_bbox.jpg,2,"130,18,59,72","130,18,59,72|43,14,59,76",0 0.712054 0.241071 0.263393 0.321429|0 0.323661 0.232143 0.263393 0.339286
train,CXR042_001.jpg,0,infiltrat,0.548059,predicted,0.5000,overlays/0156_train_cxr042_001_infiltrat_heatmap.jpg,masks/0156_train_cxr042_001_infiltrat_mask.png,lung segmentation/output_masks/train/CXR042_001.jpg,bboxes/0156_train_cxr042_001_infiltrat_bbox.jpg,1,"168,90,53,78","168,90,53,78",0 0.868304 0.575893 0.236607 0.348214
train,CXR042_001.jpg,1,pneumothorax,0.738502,predicted,0.5000,overlays/0156_train_cxr042_001_pneumothorax_heatmap.jpg,masks/0156_train_cxr042_001_pneumothorax_mask.png,lung segmentation/output_masks/train/CXR042_001.jpg,bboxes/0156_train_cxr042_001_pneumothorax_bbox.jpg,1,"158,82,63,86","158,82,63,86",1 0.845982 0.558036 0.281250 0.383929
train,CXR042_001.jpg,2,efusi pleura,0.618887,predicted,0.5000,overlays/0156_train_cxr042_001_efusi_pleura_heatmap.jpg,masks/0156_train_cxr042_001_efusi_pleura_mask.png,lung segmentation/output_masks/train/CXR042_001.jpg,bboxes/0156_train_cxr042_001_efusi_pleura_bbox.jpg,1,"168,103,53,65","168,103,53,65",2 0.868304 0.604911 0.236607 0.290179
train,CXR051_001.jpg,0,infiltrat,0.799995,predicted,0.5000,overlays/0157_train_cxr051_001_infiltrat_heatmap.jpg,masks/0157_train_cxr051_001_infiltrat_mask.png,lung segmentation/output_masks/train/CXR051_001.jpg,bboxes/0157_train_cxr051_001_infiltrat_bbox.jpg,1,"130,11,66,45","130,11,66,45",0 0.727679 0.149554 0.294643 0.200893
train,CXR051_001.jpg,3,atelektasis,0.508325,predicted,0.5000,overlays/0157_train_cxr051_001_atelektasis_heatmap.jpg,masks/0157_train_cxr051_001_atelektasis_mask.png,lung segmentation/output_masks/train/CXR051_001.jpg,bboxes/0157_train_cxr051_001_atelektasis_bbox.jpg,2,"130,14,52,42","130,14,52,42|89,25,16,70",3 0.696429 0.156250 0.232143 0.187500|3 0.433036 0.267857 0.071429 0.312500
train,CXR051_004.jpg,0,infiltrat,0.870217,predicted,0.5000,overlays/0158_train_cxr051_004_infiltrat_heatmap.jpg,masks/0158_train_cxr051_004_infiltrat_mask.png,lung segmentation/output_masks/train/CXR051_004.jpg,bboxes/0158_train_cxr051_004_infiltrat_bbox.jpg,1,"143,31,74,96","143,31,74,96",0 0.803571 0.352679 0.330357 0.428571
train,CXR051_004.jpg,3,atelektasis,0.577150,predicted,0.5000,overlays/0158_train_cxr051_004_atelektasis_heatmap.jpg,masks/0158_train_cxr051_004_atelektasis_mask.png,lung segmentation/output_masks/train/CXR051_004.jpg,bboxes/0158_train_cxr051_004_atelektasis_bbox.jpg,1,"147,44,70,88","147,44,70,88",3 0.812500 0.392857 0.312500 0.392857
train,CXR032_001.jpg,0,infiltrat,0.451057,predicted,0.5000,overlays/0159_train_cxr032_001_infiltrat_heatmap.jpg,masks/0159_train_cxr032_001_infiltrat_mask.png,lung segmentation/output_masks/train/CXR032_001.jpg,bboxes/0159_train_cxr032_001_infiltrat_bbox.jpg,2,"153,90,44,67","153,90,44,67|28,122,67,49",0 0.781250 0.551339 0.196429 0.299107|0 0.274554 0.654018 0.299107 0.218750
valid,CXR059_001.jpg,2,efusi pleura,0.716575,predicted,0.5000,overlays/0160_valid_cxr059_001_efusi_pleura_heatmap.jpg,masks/0160_valid_cxr059_001_efusi_pleura_mask.png,lung segmentation/output_masks/valid/CXR059_001.jpg,bboxes/0160_valid_cxr059_001_efusi_pleura_bbox.jpg,1,"38,127,74,48","38,127,74,48",2 0.334821 0.674107 0.330357 0.214286
valid,CXR059_002.jpg,2,efusi pleura,0.785775,predicted,0.5000,overlays/0161_valid_cxr059_002_efusi_pleura_heatmap.jpg,masks/0161_valid_cxr059_002_efusi_pleura_mask.png,lung segmentation/output_masks/valid/CXR059_002.jpg,bboxes/0161_valid_cxr059_002_efusi_pleura_bbox.jpg,2,"11,160,91,47","11,160,91,47|179,131,38,64",2 0.252232 0.819196 0.406250 0.209821|2 0.883929 0.727679 0.169643 0.285714
valid,CXR062_001.jpg,0,infiltrat,0.912854,predicted,0.5000,overlays/0162_valid_cxr062_001_infiltrat_heatmap.jpg,masks/0162_valid_cxr062_001_infiltrat_mask.png,lung segmentation/output_masks/valid/CXR062_001.jpg,bboxes/0162_valid_cxr062_001_infiltrat_bbox.jpg,2,"116,37,77,95","116,37,77,95|46,42,45,67",0 0.689732 0.377232 0.343750 0.424107|0 0.305804 0.337054 0.200893 0.299107
valid,CXR062_001.jpg,1,pneumothorax,0.648175,predicted,0.5000,overlays/0162_valid_cxr062_001_pneumothorax_heatmap.jpg,masks/0162_valid_cxr062_001_pneumothorax_mask.png,lung segmentation/output_masks/valid/CXR062_001.jpg,bboxes/0162_valid_cxr062_001_pneumothorax_bbox.jpg,2,"116,21,77,119","116,21,77,119|63,28,28,67",1 0.689732 0.359375 0.343750 0.531250|1 0.343750 0.274554 0.125000 0.299107
valid,CXR062_002.jpg,0,infiltrat,0.635126,predicted,0.5000,overlays/0163_valid_cxr062_002_infiltrat_heatmap.jpg,masks/0163_valid_cxr062_002_infiltrat_mask.png,lung segmentation/output_masks/valid/CXR062_002.jpg,bboxes/0163_valid_cxr062_002_infiltrat_bbox.jpg,2,"42,30,56,79","42,30,56,79|116,34,37,62",0 0.312500 0.310268 0.250000 0.352679|0 0.600446 0.290179 0.165179 0.276786
valid,CXR062_003.jpg,0,infiltrat,0.629113,predicted,0.5000,overlays/0164_valid_cxr062_003_infiltrat_heatmap.jpg,masks/0164_valid_cxr062_003_infiltrat_mask.png,lung segmentation/output_masks/valid/CXR062_003.jpg,bboxes/0164_valid_cxr062_003_infiltrat_bbox.jpg,1,"38,21,66,87","38,21,66,87",0 0.316964 0.287946 0.294643 0.388393
valid,CXR062_003.jpg,1,pneumothorax,0.843274,predicted,0.5000,overlays/0164_valid_cxr062_003_pneumothorax_heatmap.jpg,masks/0164_valid_cxr062_003_pneumothorax_mask.png,lung segmentation/output_masks/valid/CXR062_003.jpg,bboxes/0164_valid_cxr062_003_pneumothorax_bbox.jpg,1,"38,37,67,72","38,37,67,72",1 0.319196 0.325893 0.299107 0.321429
valid,CXR066_001.jpg,0,infiltrat,0.756188,predicted,0.5000,overlays/0165_valid_cxr066_001_infiltrat_heatmap.jpg,masks/0165_valid_cxr066_001_infiltrat_mask.png,lung segmentation/output_masks/valid/CXR066_001.jpg,bboxes/0165_valid_cxr066_001_infiltrat_bbox.jpg,1,"25,50,68,94","25,50,68,94",0 0.263393 0.433036 0.303571 0.419643
valid,CXR066_002.jpg,0,infiltrat,0.752088,predicted,0.5000,overlays/0166_valid_cxr066_002_infiltrat_heatmap.jpg,masks/0166_valid_cxr066_002_infiltrat_mask.png,lung segmentation/output_masks/valid/CXR066_002.jpg,bboxes/0166_valid_cxr066_002_infiltrat_bbox.jpg,3,"35,25,74,95","35,25,74,95|130,60,20,42|123,41,6,11",0 0.321429 0.323661 0.330357 0.424107|0 0.625000 0.361607 0.089286 0.187500|0 0.562500 0.207589 0.026786 0.049107
valid,CXR066_003.jpg,0,infiltrat,0.569515,predicted,0.5000,overlays/0167_valid_cxr066_003_infiltrat_heatmap.jpg,masks/0167_valid_cxr066_003_infiltrat_mask.png,lung segmentation/output_masks/valid/CXR066_003.jpg,bboxes/0167_valid_cxr066_003_infiltrat_bbox.jpg,1,"38,34,58,96","38,34,58,96",0 0.299107 0.366071 0.258929 0.428571
valid,CXR056_002.jpg,1,pneumothorax,0.520633,predicted,0.5000,overlays/0168_valid_cxr056_002_pneumothorax_heatmap.jpg,masks/0168_valid_cxr056_002_pneumothorax_mask.png,lung segmentation/output_masks/valid/CXR056_002.jpg,bboxes/0168_valid_cxr056_002_pneumothorax_bbox.jpg,2,"56,39,46,72","56,39,46,72|28,44,35,72",1 0.352679 0.334821 0.205357 0.321429|1 0.203125 0.357143 0.156250 0.321429
valid,CXR056_002.jpg,2,efusi pleura,0.797955,predicted,0.5000,overlays/0168_valid_cxr056_002_efusi_pleura_heatmap.jpg,masks/0168_valid_cxr056_002_efusi_pleura_mask.png,lung segmentation/output_masks/valid/CXR056_002.jpg,bboxes/0168_valid_cxr056_002_efusi_pleura_bbox.jpg,2,"66,77,36,49","66,77,36,49|28,82,28,34",2 0.375000 0.453125 0.160714 0.218750|2 0.187500 0.441964 0.125000 0.151786
valid,CXR056_003.jpg,2,efusi pleura,0.766369,predicted,0.5000,overlays/0169_valid_cxr056_003_efusi_pleura_heatmap.jpg,masks/0169_valid_cxr056_003_efusi_pleura_mask.png,lung segmentation/output_masks/valid/CXR056_003.jpg,bboxes/0169_valid_cxr056_003_efusi_pleura_bbox.jpg,2,"84,80,22,22","84,80,22,22|31,62,18,47",2 0.424107 0.406250 0.098214 0.098214|2 0.178571 0.381696 0.080357 0.209821
valid,CXR059_003.jpg,0,infiltrat,0.522755,predicted,0.5000,overlays/0170_valid_cxr059_003_infiltrat_heatmap.jpg,masks/0170_valid_cxr059_003_infiltrat_mask.png,lung segmentation/output_masks/valid/CXR059_003.jpg,bboxes/0170_valid_cxr059_003_infiltrat_bbox.jpg,2,"165,85,7,17","165,85,7,17|161,70,11,11",0 0.752232 0.417411 0.031250 0.075893|0 0.743304 0.337054 0.049107 0.049107
valid,CXR059_003.jpg,1,pneumothorax,0.631914,predicted,0.5000,overlays/0170_valid_cxr059_003_pneumothorax_heatmap.jpg,masks/0170_valid_cxr059_003_pneumothorax_mask.png,lung segmentation/output_masks/valid/CXR059_003.jpg,bboxes/0170_valid_cxr059_003_pneumothorax_bbox.jpg,2,"165,85,7,17","165,85,7,17|161,70,11,11",1 0.752232 0.417411 0.031250 0.075893|1 0.743304 0.337054 0.049107 0.049107
valid,CXR059_003.jpg,2,efusi pleura,0.853605,predicted,0.5000,overlays/0170_valid_cxr059_003_efusi_pleura_heatmap.jpg,masks/0170_valid_cxr059_003_efusi_pleura_mask.png,lung segmentation/output_masks/valid/CXR059_003.jpg,bboxes/0170_valid_cxr059_003_efusi_pleura_bbox.jpg,2,"28,96,70,65","28,96,70,65|165,92,7,10",2 0.281250 0.573661 0.312500 0.290179|2 0.752232 0.433036 0.031250 0.044643
valid,CXR053_001.jpg,0,infiltrat,0.414385,predicted,0.5000,overlays/0171_valid_cxr053_001_infiltrat_heatmap.jpg,masks/0171_valid_cxr053_001_infiltrat_mask.png,lung segmentation/output_masks/valid/CXR053_001.jpg,bboxes/0171_valid_cxr053_001_infiltrat_bbox.jpg,2,"42,128,42,37","42,128,42,37|167,28,26,49",0 0.281250 0.654018 0.187500 0.165179|0 0.803571 0.234375 0.116071 0.218750
valid,CXR053_002.jpg,0,infiltrat,0.285854,predicted,0.5000,overlays/0172_valid_cxr053_002_infiltrat_heatmap.jpg,masks/0172_valid_cxr053_002_infiltrat_mask.png,lung segmentation/output_masks/valid/CXR053_002.jpg,bboxes/0172_valid_cxr053_002_infiltrat_bbox.jpg,1,"21,132,35,35","21,132,35,35",0 0.171875 0.667411 0.156250 0.156250
valid,CXR053_003.jpg,0,infiltrat,0.363532,predicted,0.5000,overlays/0173_valid_cxr053_003_infiltrat_heatmap.jpg,masks/0173_valid_cxr053_003_infiltrat_mask.png,lung segmentation/output_masks/valid/CXR053_003.jpg,bboxes/0173_valid_cxr053_003_infiltrat_bbox.jpg,1,"42,113,46,59","42,113,46,59",0 0.290179 0.636161 0.205357 0.263393
valid,CXR054_001.jpg,0,infiltrat,0.743631,predicted,0.5000,overlays/0174_valid_cxr054_001_infiltrat_heatmap.jpg,masks/0174_valid_cxr054_001_infiltrat_mask.png,lung segmentation/output_masks/valid/CXR054_001.jpg,bboxes/0174_valid_cxr054_001_infiltrat_bbox.jpg,1,"137,76,66,94","137,76,66,94",0 0.758929 0.549107 0.294643 0.419643
valid,CXR054_003.jpg,1,pneumothorax,0.566525,predicted,0.5000,overlays/0175_valid_cxr054_003_pneumothorax_heatmap.jpg,masks/0175_valid_cxr054_003_pneumothorax_mask.png,lung segmentation/output_masks/valid/CXR054_003.jpg,bboxes/0175_valid_cxr054_003_pneumothorax_bbox.jpg,1,"21,57,67,94","21,57,67,94",1 0.243304 0.464286 0.299107 0.419643
valid,CXR055_001.jpg,1,pneumothorax,0.554103,predicted,0.5000,overlays/0176_valid_cxr055_001_pneumothorax_heatmap.jpg,masks/0176_valid_cxr055_001_pneumothorax_mask.png,lung segmentation/output_masks/valid/CXR055_001.jpg,bboxes/0176_valid_cxr055_001_pneumothorax_bbox.jpg,1,"38,48,74,89","38,48,74,89",1 0.334821 0.412946 0.330357 0.397321
valid,CXR055_001.jpg,2,efusi pleura,0.964602,predicted,0.5000,overlays/0176_valid_cxr055_001_efusi_pleura_heatmap.jpg,masks/0176_valid_cxr055_001_efusi_pleura_mask.png,lung segmentation/output_masks/valid/CXR055_001.jpg,bboxes/0176_valid_cxr055_001_efusi_pleura_bbox.jpg,1,"38,86,71,51","38,86,71,51",2 0.328125 0.497768 0.316964 0.227679
valid,CXR057_001.jpg,1,pneumothorax,0.577251,predicted,0.5000,overlays/0177_valid_cxr057_001_pneumothorax_heatmap.jpg,masks/0177_valid_cxr057_001_pneumothorax_mask.png,lung segmentation/output_masks/valid/CXR057_001.jpg,bboxes/0177_valid_cxr057_001_pneumothorax_bbox.jpg,1,"132,125,71,75","132,125,71,75",1 0.747768 0.725446 0.316964 0.334821
valid,CXR057_002.jpg,0,infiltrat,0.589434,predicted,0.5000,overlays/0178_valid_cxr057_002_infiltrat_heatmap.jpg,masks/0178_valid_cxr057_002_infiltrat_mask.png,lung segmentation/output_masks/valid/CXR057_002.jpg,bboxes/0178_valid_cxr057_002_infiltrat_bbox.jpg,2,"17,33,75,107","17,33,75,107|158,56,52,70",0 0.243304 0.386161 0.334821 0.477679|0 0.821429 0.406250 0.232143 0.312500
valid,CXR057_003.jpg,0,infiltrat,0.656279,predicted,0.5000,overlays/0179_valid_cxr057_003_infiltrat_heatmap.jpg,masks/0179_valid_cxr057_003_infiltrat_mask.png,lung segmentation/output_masks/valid/CXR057_003.jpg,bboxes/0179_valid_cxr057_003_infiltrat_bbox.jpg,1,"0,61,79,99","0,61,79,99",0 0.176339 0.493304 0.352679 0.441964
valid,CXR058_001.jpg,0,infiltrat,0.642997,predicted,0.5000,overlays/0180_valid_cxr058_001_infiltrat_heatmap.jpg,masks/0180_valid_cxr058_001_infiltrat_mask.png,lung segmentation/output_masks/valid/CXR058_001.jpg,bboxes/0180_valid_cxr058_001_infiltrat_bbox.jpg,1,"45,21,67,80","45,21,67,80",0 0.350446 0.272321 0.299107 0.357143
valid,CXR058_002.jpg,0,infiltrat,0.621889,predicted,0.5000,overlays/0181_valid_cxr058_002_infiltrat_heatmap.jpg,masks/0181_valid_cxr058_002_infiltrat_mask.png,lung segmentation/output_masks/valid/CXR058_002.jpg,bboxes/0181_valid_cxr058_002_infiltrat_bbox.jpg,1,"30,25,72,101","30,25,72,101",0 0.294643 0.337054 0.321429 0.450893
valid,CXR058_003.jpg,0,infiltrat,0.560196,predicted,0.5000,overlays/0182_valid_cxr058_003_infiltrat_heatmap.jpg,masks/0182_valid_cxr058_003_infiltrat_mask.png,lung segmentation/output_masks/valid/CXR058_003.jpg,bboxes/0182_valid_cxr058_003_infiltrat_bbox.jpg,2,"130,18,59,63","130,18,59,63|62,63,43,49",0 0.712054 0.220982 0.263393 0.281250|0 0.372768 0.390625 0.191964 0.218750
valid,CXR060_001.jpg,0,infiltrat,0.834157,predicted,0.5000,overlays/0183_valid_cxr060_001_infiltrat_heatmap.jpg,masks/0183_valid_cxr060_001_infiltrat_mask.png,lung segmentation/output_masks/valid/CXR060_001.jpg,bboxes/0183_valid_cxr060_001_infiltrat_bbox.jpg,1,"151,58,52,68","151,58,52,68",0 0.790179 0.410714 0.232143 0.303571
valid,CXR060_001.jpg,1,pneumothorax,0.562105,predicted,0.5000,overlays/0183_valid_cxr060_001_pneumothorax_heatmap.jpg,masks/0183_valid_cxr060_001_pneumothorax_mask.png,lung segmentation/output_masks/valid/CXR060_001.jpg,bboxes/0183_valid_cxr060_001_pneumothorax_bbox.jpg,2,"140,42,63,84","140,42,63,84|101,42,18,54",1 0.765625 0.375000 0.281250 0.375000|1 0.491071 0.308036 0.080357 0.241071
valid,CXR060_001.jpg,2,efusi pleura,0.530218,predicted,0.5000,overlays/0183_valid_cxr060_001_efusi_pleura_heatmap.jpg,masks/0183_valid_cxr060_001_efusi_pleura_mask.png,lung segmentation/output_masks/valid/CXR060_001.jpg,bboxes/0183_valid_cxr060_001_efusi_pleura_bbox.jpg,2,"142,62,33,30","142,62,33,30|99,98,17,21",2 0.707589 0.343750 0.147321 0.133929|2 0.479911 0.484375 0.075893 0.093750
valid,CXR060_001.jpg,3,atelektasis,0.862091,predicted,0.5000,overlays/0183_valid_cxr060_001_atelektasis_heatmap.jpg,masks/0183_valid_cxr060_001_atelektasis_mask.png,lung segmentation/output_masks/valid/CXR060_001.jpg,bboxes/0183_valid_cxr060_001_atelektasis_bbox.jpg,2,"140,59,63,67","140,59,63,67|109,74,10,41",3 0.765625 0.412946 0.281250 0.299107|3 0.508929 0.421875 0.044643 0.183036
valid,CXR060_002.jpg,0,infiltrat,0.824604,predicted,0.5000,overlays/0184_valid_cxr060_002_infiltrat_heatmap.jpg,masks/0184_valid_cxr060_002_infiltrat_mask.png,lung segmentation/output_masks/valid/CXR060_002.jpg,bboxes/0184_valid_cxr060_002_infiltrat_bbox.jpg,1,"158,45,49,71","158,45,49,71",0 0.814732 0.359375 0.218750 0.316964
valid,CXR060_002.jpg,3,atelektasis,0.809147,predicted,0.5000,overlays/0184_valid_cxr060_002_atelektasis_heatmap.jpg,masks/0184_valid_cxr060_002_atelektasis_mask.png,lung segmentation/output_masks/valid/CXR060_002.jpg,bboxes/0184_valid_cxr060_002_atelektasis_bbox.jpg,1,"154,50,53,66","154,50,53,66",3 0.805804 0.370536 0.236607 0.294643
valid,CXR060_003.jpg,0,infiltrat,0.682197,predicted,0.5000,overlays/0185_valid_cxr060_003_infiltrat_heatmap.jpg,masks/0185_valid_cxr060_003_infiltrat_mask.png,lung segmentation/output_masks/valid/CXR060_003.jpg,bboxes/0185_valid_cxr060_003_infiltrat_bbox.jpg,1,"140,30,56,72","140,30,56,72",0 0.750000 0.294643 0.250000 0.321429
valid,CXR060_003.jpg,1,pneumothorax,0.575387,predicted,0.5000,overlays/0185_valid_cxr060_003_pneumothorax_heatmap.jpg,masks/0185_valid_cxr060_003_pneumothorax_mask.png,lung segmentation/output_masks/valid/CXR060_003.jpg,bboxes/0185_valid_cxr060_003_pneumothorax_bbox.jpg,3,"59,21,53,63","59,21,53,63|168,77,28,25|133,25,12,22",1 0.381696 0.234375 0.236607 0.281250|1 0.812500 0.399554 0.125000 0.111607|1 0.620536 0.160714 0.053571 0.098214
valid,CXR060_003.jpg,3,atelektasis,0.888029,predicted,0.5000,overlays/0185_valid_cxr060_003_atelektasis_heatmap.jpg,masks/0185_valid_cxr060_003_atelektasis_mask.png,lung segmentation/output_masks/valid/CXR060_003.jpg,bboxes/0185_valid_cxr060_003_atelektasis_bbox.jpg,2,"133,30,63,72","133,30,63,72|59,43,40,41",3 0.734375 0.294643 0.281250 0.321429|3 0.352679 0.283482 0.178571 0.183036
valid,CXR061_001.jpg,0,infiltrat,0.861894,predicted,0.5000,overlays/0186_valid_cxr061_001_infiltrat_heatmap.jpg,masks/0186_valid_cxr061_001_infiltrat_mask.png,lung segmentation/output_masks/valid/CXR061_001.jpg,bboxes/0186_valid_cxr061_001_infiltrat_bbox.jpg,1,"146,79,67,89","146,79,67,89",0 0.801339 0.551339 0.299107 0.397321
valid,CXR061_001.jpg,1,pneumothorax,0.523501,predicted,0.5000,overlays/0186_valid_cxr061_001_pneumothorax_heatmap.jpg,masks/0186_valid_cxr061_001_pneumothorax_mask.png,lung segmentation/output_masks/valid/CXR061_001.jpg,bboxes/0186_valid_cxr061_001_pneumothorax_bbox.jpg,1,"138,63,75,116","138,63,75,116",1 0.783482 0.540179 0.334821 0.517857
valid,CXR061_001.jpg,3,atelektasis,0.830449,predicted,0.5000,overlays/0186_valid_cxr061_001_atelektasis_heatmap.jpg,masks/0186_valid_cxr061_001_atelektasis_mask.png,lung segmentation/output_masks/valid/CXR061_001.jpg,bboxes/0186_valid_cxr061_001_atelektasis_bbox.jpg,1,"144,84,69,88","144,84,69,88",3 0.796875 0.571429 0.308036 0.392857
valid,CXR061_002.jpg,0,infiltrat,0.579101,predicted,0.5000,overlays/0187_valid_cxr061_002_infiltrat_heatmap.jpg,masks/0187_valid_cxr061_002_infiltrat_mask.png,lung segmentation/output_masks/valid/CXR061_002.jpg,bboxes/0187_valid_cxr061_002_infiltrat_bbox.jpg,1,"162,105,45,56","162,105,45,56",0 0.823661 0.593750 0.200893 0.250000
valid,CXR061_002.jpg,3,atelektasis,0.969355,predicted,0.5000,overlays/0187_valid_cxr061_002_atelektasis_heatmap.jpg,masks/0187_valid_cxr061_002_atelektasis_mask.png,lung segmentation/output_masks/valid/CXR061_002.jpg,bboxes/0187_valid_cxr061_002_atelektasis_bbox.jpg,1,"137,70,70,90","137,70,70,90",3 0.767857 0.513393 0.312500 0.401786
valid,CXR061_003.jpg,3,atelektasis,0.732970,predicted,0.5000,overlays/0188_valid_cxr061_003_atelektasis_heatmap.jpg,masks/0188_valid_cxr061_003_atelektasis_mask.png,lung segmentation/output_masks/valid/CXR061_003.jpg,bboxes/0188_valid_cxr061_003_atelektasis_bbox.jpg,1,"147,54,67,86","147,54,67,86",3 0.805804 0.433036 0.299107 0.383929
valid,CXR063_001.jpg,1,pneumothorax,0.437201,predicted,0.5000,overlays/0189_valid_cxr063_001_pneumothorax_heatmap.jpg,masks/0189_valid_cxr063_001_pneumothorax_mask.png,lung segmentation/output_masks/valid/CXR063_001.jpg,bboxes/0189_valid_cxr063_001_pneumothorax_bbox.jpg,1,"158,99,45,55","158,99,45,55",1 0.805804 0.564732 0.200893 0.245536
valid,CXR063_002.jpg,1,pneumothorax,0.471414,predicted,0.5000,overlays/0190_valid_cxr063_002_pneumothorax_heatmap.jpg,masks/0190_valid_cxr063_002_pneumothorax_mask.png,lung segmentation/output_masks/valid/CXR063_002.jpg,bboxes/0190_valid_cxr063_002_pneumothorax_bbox.jpg,1,"28,50,70,94","28,50,70,94",1 0.281250 0.433036 0.312500 0.419643
valid,CXR063_003.jpg,1,pneumothorax,0.158259,predicted,0.5000,overlays/0191_valid_cxr063_003_pneumothorax_heatmap.jpg,masks/0191_valid_cxr063_003_pneumothorax_mask.png,lung segmentation/output_masks/valid/CXR063_003.jpg,bboxes/0191_valid_cxr063_003_pneumothorax_bbox.jpg,2,"155,81,41,52","155,81,41,52|38,67,19,63",1 0.783482 0.477679 0.183036 0.232143|1 0.212054 0.439732 0.084821 0.281250
valid,CXR064_001.jpg,1,pneumothorax,0.359126,predicted,0.5000,overlays/0192_valid_cxr064_001_pneumothorax_heatmap.jpg,masks/0192_valid_cxr064_001_pneumothorax_mask.png,lung segmentation/output_masks/valid/CXR064_001.jpg,bboxes/0192_valid_cxr064_001_pneumothorax_bbox.jpg,2,"119,29,67,136","119,29,67,136|35,21,67,80",1 0.680804 0.433036 0.299107 0.607143|1 0.305804 0.272321 0.299107 0.357143
valid,CXR064_002.jpg,0,infiltrat,0.400072,predicted,0.5000,overlays/0193_valid_cxr064_002_infiltrat_heatmap.jpg,masks/0193_valid_cxr064_002_infiltrat_mask.png,lung segmentation/output_masks/valid/CXR064_002.jpg,bboxes/0193_valid_cxr064_002_infiltrat_bbox.jpg,1,"49,82,34,55","49,82,34,55",0 0.294643 0.488839 0.151786 0.245536
valid,CXR064_003.jpg,0,infiltrat,0.306839,predicted,0.5000,overlays/0194_valid_cxr064_003_infiltrat_heatmap.jpg,masks/0194_valid_cxr064_003_infiltrat_mask.png,lung segmentation/output_masks/valid/CXR064_003.jpg,bboxes/0194_valid_cxr064_003_infiltrat_bbox.jpg,1,"31,131,12,20","31,131,12,20",0 0.165179 0.629464 0.053571 0.089286
valid,CXR065_001.jpg,0,infiltrat,0.663384,predicted,0.5000,overlays/0195_valid_cxr065_001_infiltrat_heatmap.jpg,masks/0195_valid_cxr065_001_infiltrat_mask.png,lung segmentation/output_masks/valid/CXR065_001.jpg,bboxes/0195_valid_cxr065_001_infiltrat_bbox.jpg,2,"130,18,59,72","130,18,59,72|43,14,59,76",0 0.712054 0.241071 0.263393 0.321429|0 0.323661 0.232143 0.263393 0.339286
valid,CXR065_002.jpg,1,pneumothorax,0.574106,predicted,0.5000,overlays/0196_valid_cxr065_002_pneumothorax_heatmap.jpg,masks/0196_valid_cxr065_002_pneumothorax_mask.png,lung segmentation/output_masks/valid/CXR065_002.jpg,bboxes/0196_valid_cxr065_002_pneumothorax_bbox.jpg,1,"38,69,71,98","38,69,71,98",1 0.328125 0.526786 0.316964 0.437500
valid,CXR065_003.jpg,0,infiltrat,0.512468,predicted,0.5000,overlays/0197_valid_cxr065_003_infiltrat_heatmap.jpg,masks/0197_valid_cxr065_003_infiltrat_mask.png,lung segmentation/output_masks/valid/CXR065_003.jpg,bboxes/0197_valid_cxr065_003_infiltrat_bbox.jpg,2,"126,25,59,51","126,25,59,51|25,115,35,46",0 0.694196 0.225446 0.263393 0.227679|0 0.189732 0.616071 0.156250 0.205357
valid,CXR065_003.jpg,1,pneumothorax,0.504016,predicted,0.5000,overlays/0197_valid_cxr065_003_pneumothorax_heatmap.jpg,masks/0197_valid_cxr065_003_pneumothorax_mask.png,lung segmentation/output_masks/valid/CXR065_003.jpg,bboxes/0197_valid_cxr065_003_pneumothorax_bbox.jpg,3,"25,25,77,133","25,25,77,133|151,99,35,66|126,25,18,23",1 0.283482 0.408482 0.343750 0.593750|1 0.752232 0.589286 0.156250 0.294643|1 0.602679 0.162946 0.080357 0.102679
valid,CXR067_001.jpg,0,infiltrat,0.728233,predicted,0.5000,overlays/0198_valid_cxr067_001_infiltrat_heatmap.jpg,masks/0198_valid_cxr067_001_infiltrat_mask.png,lung segmentation/output_masks/valid/CXR067_001.jpg,bboxes/0198_valid_cxr067_001_infiltrat_bbox.jpg,1,"140,49,49,105","140,49,49,105",0 0.734375 0.453125 0.218750 0.468750
valid,CXR054_002.jpg,1,pneumothorax,0.719467,predicted,0.5000,overlays/0199_valid_cxr054_002_pneumothorax_heatmap.jpg,masks/0199_valid_cxr054_002_pneumothorax_mask.png,lung segmentation/output_masks/valid/CXR054_002.jpg,bboxes/0199_valid_cxr054_002_pneumothorax_bbox.jpg,1,"25,50,73,104","25,50,73,104",1 0.274554 0.455357 0.325893 0.464286
valid,CXR056_004.jpg,2,efusi pleura,0.588811,predicted,0.5000,overlays/0200_valid_cxr056_004_efusi_pleura_heatmap.jpg,masks/0200_valid_cxr056_004_efusi_pleura_mask.png,lung segmentation/output_masks/valid/CXR056_004.jpg,bboxes/0200_valid_cxr056_004_efusi_pleura_bbox.jpg,1,"42,28,28,27","42,28,28,27",2 0.250000 0.185268 0.125000 0.120536
valid,CXR062_004.jpg,0,infiltrat,0.629113,predicted,0.5000,overlays/0201_valid_cxr062_004_infiltrat_heatmap.jpg,masks/0201_valid_cxr062_004_infiltrat_mask.png,lung segmentation/output_masks/valid/CXR062_004.jpg,bboxes/0201_valid_cxr062_004_infiltrat_bbox.jpg,1,"38,21,66,87","38,21,66,87",0 0.316964 0.287946 0.294643 0.388393
valid,CXR062_004.jpg,1,pneumothorax,0.843274,predicted,0.5000,overlays/0201_valid_cxr062_004_pneumothorax_heatmap.jpg,masks/0201_valid_cxr062_004_pneumothorax_mask.png,lung segmentation/output_masks/valid/CXR062_004.jpg,bboxes/0201_valid_cxr062_004_pneumothorax_bbox.jpg,1,"38,37,67,72","38,37,67,72",1 0.319196 0.325893 0.299107 0.321429
valid,CXR055_002.jpg,1,pneumothorax,0.646965,predicted,0.5000,overlays/0202_valid_cxr055_002_pneumothorax_heatmap.jpg,masks/0202_valid_cxr055_002_pneumothorax_mask.png,lung segmentation/output_masks/valid/CXR055_002.jpg,bboxes/0202_valid_cxr055_002_pneumothorax_bbox.jpg,1,"21,31,71,92","21,31,71,92",1 0.252232 0.343750 0.316964 0.410714
valid,CXR055_002.jpg,2,efusi pleura,0.776785,predicted,0.5000,overlays/0202_valid_cxr055_002_efusi_pleura_heatmap.jpg,masks/0202_valid_cxr055_002_efusi_pleura_mask.png,lung segmentation/output_masks/valid/CXR055_002.jpg,bboxes/0202_valid_cxr055_002_efusi_pleura_bbox.jpg,1,"21,90,67,33","21,90,67,33",2 0.243304 0.475446 0.299107 0.147321
valid,CXR055_003.jpg,2,efusi pleura,0.891484,predicted,0.5000,overlays/0203_valid_cxr055_003_efusi_pleura_heatmap.jpg,masks/0203_valid_cxr055_003_efusi_pleura_mask.png,lung segmentation/output_masks/valid/CXR055_003.jpg,bboxes/0203_valid_cxr055_003_efusi_pleura_bbox.jpg,1,"35,71,60,66","35,71,60,66",2 0.290179 0.464286 0.267857 0.294643
valid,CXR056_001.jpg,1,pneumothorax,0.879930,predicted,0.5000,overlays/0204_valid_cxr056_001_pneumothorax_heatmap.jpg,masks/0204_valid_cxr056_001_pneumothorax_mask.png,lung segmentation/output_masks/valid/CXR056_001.jpg,bboxes/0204_valid_cxr056_001_pneumothorax_bbox.jpg,1,"45,59,67,70","45,59,67,70",1 0.350446 0.419643 0.299107 0.312500
valid,CXR056_001.jpg,2,efusi pleura,0.725844,predicted,0.5000,overlays/0204_valid_cxr056_001_efusi_pleura_heatmap.jpg,masks/0204_valid_cxr056_001_efusi_pleura_mask.png,lung segmentation/output_masks/valid/CXR056_001.jpg,bboxes/0204_valid_cxr056_001_efusi_pleura_bbox.jpg,1,"45,69,67,60","45,69,67,60",2 0.350446 0.441964 0.299107 0.267857
test,CXR075_001.jpg,0,infiltrat,0.666868,predicted,0.5000,overlays/0205_test_cxr075_001_infiltrat_heatmap.jpg,masks/0205_test_cxr075_001_infiltrat_mask.png,lung segmentation/output_masks/test/CXR075_001.jpg,bboxes/0205_test_cxr075_001_infiltrat_bbox.jpg,1,"31,54,57,53","31,54,57,53",0 0.265625 0.359375 0.254464 0.236607
test,CXR075_001.jpg,1,pneumothorax,0.630315,predicted,0.5000,overlays/0205_test_cxr075_001_pneumothorax_heatmap.jpg,masks/0205_test_cxr075_001_pneumothorax_mask.png,lung segmentation/output_masks/test/CXR075_001.jpg,bboxes/0205_test_cxr075_001_pneumothorax_bbox.jpg,1,"31,19,67,88","31,19,67,88",1 0.287946 0.281250 0.299107 0.392857
test,CXR075_001.jpg,2,efusi pleura,0.745408,predicted,0.5000,overlays/0205_test_cxr075_001_efusi_pleura_heatmap.jpg,masks/0205_test_cxr075_001_efusi_pleura_mask.png,lung segmentation/output_masks/test/CXR075_001.jpg,bboxes/0205_test_cxr075_001_efusi_pleura_bbox.jpg,1,"31,50,57,57","31,50,57,57",2 0.265625 0.350446 0.254464 0.254464
test,CXR075_001.jpg,3,atelektasis,0.516111,predicted,0.5000,overlays/0205_test_cxr075_001_atelektasis_heatmap.jpg,masks/0205_test_cxr075_001_atelektasis_mask.png,lung segmentation/output_masks/test/CXR075_001.jpg,bboxes/0205_test_cxr075_001_atelektasis_bbox.jpg,1,"31,54,57,53","31,54,57,53",3 0.265625 0.359375 0.254464 0.236607
test,CXR075_002.jpg,0,infiltrat,0.678594,predicted,0.5000,overlays/0206_test_cxr075_002_infiltrat_heatmap.jpg,masks/0206_test_cxr075_002_infiltrat_mask.png,lung segmentation/output_masks/test/CXR075_002.jpg,bboxes/0206_test_cxr075_002_infiltrat_bbox.jpg,1,"42,56,53,51","42,56,53,51",0 0.305804 0.363839 0.236607 0.227679
test,CXR075_002.jpg,1,pneumothorax,0.663588,predicted,0.5000,overlays/0206_test_cxr075_002_pneumothorax_heatmap.jpg,masks/0206_test_cxr075_002_pneumothorax_mask.png,lung segmentation/output_masks/test/CXR075_002.jpg,bboxes/0206_test_cxr075_002_pneumothorax_bbox.jpg,1,"42,21,63,86","42,21,63,86",1 0.328125 0.285714 0.281250 0.383929
test,CXR075_002.jpg,2,efusi pleura,0.645980,predicted,0.5000,overlays/0206_test_cxr075_002_efusi_pleura_heatmap.jpg,masks/0206_test_cxr075_002_efusi_pleura_mask.png,lung segmentation/output_masks/test/CXR075_002.jpg,bboxes/0206_test_cxr075_002_efusi_pleura_bbox.jpg,1,"42,63,53,44","42,63,53,44",2 0.305804 0.379464 0.236607 0.196429
test,CXR075_002.jpg,3,atelektasis,0.593906,predicted,0.5000,overlays/0206_test_cxr075_002_atelektasis_heatmap.jpg,masks/0206_test_cxr075_002_atelektasis_mask.png,lung segmentation/output_masks/test/CXR075_002.jpg,bboxes/0206_test_cxr075_002_atelektasis_bbox.jpg,1,"42,52,53,55","42,52,53,55",3 0.305804 0.354911 0.236607 0.245536
test,CXR072_001.jpg,0,infiltrat,0.635118,predicted,0.5000,overlays/0207_test_cxr072_001_infiltrat_heatmap.jpg,masks/0207_test_cxr072_001_infiltrat_mask.png,lung segmentation/output_masks/test/CXR072_001.jpg,bboxes/0207_test_cxr072_001_infiltrat_bbox.jpg,2,"129,52,69,109","129,52,69,109|98,116,11,36",0 0.729911 0.475446 0.308036 0.486607|0 0.462054 0.598214 0.049107 0.160714
test,CXR072_001.jpg,2,efusi pleura,0.588087,predicted,0.5000,overlays/0207_test_cxr072_001_efusi_pleura_heatmap.jpg,masks/0207_test_cxr072_001_efusi_pleura_mask.png,lung segmentation/output_masks/test/CXR072_001.jpg,bboxes/0207_test_cxr072_001_efusi_pleura_bbox.jpg,2,"66,129,43,39","66,129,43,39|31,138,11,27",2 0.390625 0.662946 0.191964 0.174107|2 0.162946 0.676339 0.049107 0.120536
test,CXR070_001.jpg,0,infiltrat,0.761527,predicted,0.5000,overlays/0208_test_cxr070_001_infiltrat_heatmap.jpg,masks/0208_test_cxr070_001_infiltrat_mask.png,lung segmentation/output_masks/test/CXR070_001.jpg,bboxes/0208_test_cxr070_001_infiltrat_bbox.jpg,1,"31,46,67,97","31,46,67,97",0 0.287946 0.421875 0.299107 0.433036
test,CXR070_001.jpg,1,pneumothorax,0.871621,predicted,0.5000,overlays/0208_test_cxr070_001_pneumothorax_heatmap.jpg,masks/0208_test_cxr070_001_pneumothorax_mask.png,lung segmentation/output_masks/test/CXR070_001.jpg,bboxes/0208_test_cxr070_001_pneumothorax_bbox.jpg,1,"30,65,68,93","30,65,68,93",1 0.285714 0.497768 0.303571 0.415179
test,CXR070_002.jpg,0,infiltrat,0.726711,predicted,0.5000,overlays/0209_test_cxr070_002_infiltrat_heatmap.jpg,masks/0209_test_cxr070_002_infiltrat_mask.png,lung segmentation/output_masks/test/CXR070_002.jpg,bboxes/0209_test_cxr070_002_infiltrat_bbox.jpg,1,"28,44,63,96","28,44,63,96",0 0.265625 0.410714 0.281250 0.428571
test,CXR070_002.jpg,1,pneumothorax,0.760362,predicted,0.5000,overlays/0209_test_cxr070_002_pneumothorax_heatmap.jpg,masks/0209_test_cxr070_002_pneumothorax_mask.png,lung segmentation/output_masks/test/CXR070_002.jpg,bboxes/0209_test_cxr070_002_pneumothorax_bbox.jpg,1,"28,59,67,81","28,59,67,81",1 0.274554 0.444196 0.299107 0.361607
test,CXR070_003.jpg,0,infiltrat,0.669640,predicted,0.5000,overlays/0210_test_cxr070_003_infiltrat_heatmap.jpg,masks/0210_test_cxr070_003_infiltrat_mask.png,lung segmentation/output_masks/test/CXR070_003.jpg,bboxes/0210_test_cxr070_003_infiltrat_bbox.jpg,1,"6,29,65,96","6,29,65,96",0 0.171875 0.343750 0.290179 0.428571
test,CXR070_003.jpg,1,pneumothorax,0.872859,predicted,0.5000,overlays/0210_test_cxr070_003_pneumothorax_heatmap.jpg,masks/0210_test_cxr070_003_pneumothorax_mask.png,lung segmentation/output_masks/test/CXR070_003.jpg,bboxes/0210_test_cxr070_003_pneumothorax_bbox.jpg,1,"4,32,73,99","4,32,73,99",1 0.180804 0.363839 0.325893 0.441964
test,CXR071_001.jpg,0,infiltrat,0.397327,predicted,0.5000,overlays/0211_test_cxr071_001_infiltrat_heatmap.jpg,masks/0211_test_cxr071_001_infiltrat_mask.png,lung segmentation/output_masks/test/CXR071_001.jpg,bboxes/0211_test_cxr071_001_infiltrat_bbox.jpg,1,"119,14,63,70","119,14,63,70",0 0.671875 0.218750 0.281250 0.312500
test,CXR073_001.jpg,0,infiltrat,0.740881,predicted,0.5000,overlays/0212_test_cxr073_001_infiltrat_heatmap.jpg,masks/0212_test_cxr073_001_infiltrat_mask.png,lung segmentation/output_masks/test/CXR073_001.jpg,bboxes/0212_test_cxr073_001_infiltrat_bbox.jpg,2,"35,33,74,92","35,33,74,92|133,59,21,28",0 0.321429 0.352679 0.330357 0.410714|0 0.640625 0.325893 0.093750 0.125000
test,CXR073_002.jpg,0,infiltrat,0.626874,predicted,0.5000,overlays/0213_test_cxr073_002_infiltrat_heatmap.jpg,masks/0213_test_cxr073_002_infiltrat_mask.png,lung segmentation/output_masks/test/CXR073_002.jpg,bboxes/0213_test_cxr073_002_infiltrat_bbox.jpg,1,"32,35,73,93","32,35,73,93",0 0.305804 0.363839 0.325893 0.415179
test,CXR073_003.jpg,1,pneumothorax,0.563819,predicted,0.5000,overlays/0214_test_cxr073_003_pneumothorax_heatmap.jpg,masks/0214_test_cxr073_003_pneumothorax_mask.png,lung segmentation/output_masks/test/CXR073_003.jpg,bboxes/0214_test_cxr073_003_pneumothorax_bbox.jpg,1,"28,56,77,84","28,56,77,84",1 0.296875 0.437500 0.343750 0.375000
